,Scrapedate,ranking,Country_Other,Total_Case,New_Cases,Total_Death,New_Deaths,Total_Recovered,New_Recovered,Active_cases,Serious_Critical,Tot_Cases_1M_pop,Deaths_1M_pop,Total_Tests,Tests_1m_pop,Population
0,2021-03-24,,"

",721,,15.0,,706.0,,0.0,0.0,,,,,
1,2021-03-24,,"
Africa
",4168936,10961.0,111074.0,329.0,3725951.0,8697.0,331911.0,2742.0,,,,,
2,2021-03-24,,"
Asia
",27367776,145539.0,419697.0,1129.0,25356774.0,91600.0,1591305.0,24193.0,,,,,
3,2021-03-24,,"
Oceania
",54948,381.0,1120.0,3.0,34482.0,7.0,19346.0,7.0,,,,,
4,2021-03-24,,"
South America
",20352376,131205.0,526837.0,2823.0,18169578.0,117650.0,1655961.0,19872.0,,,,,
5,2021-03-24,102.0,Afghanistan,56226,34.0,2467.0,1.0,49802.0,50.0,3957.0,1102.0,1421.0,62.0,335925.0,8490.0,39566530.0
6,2021-03-24,81.0,Albania,122295,448.0,2171.0,15.0,87193.0,696.0,32931.0,46.0,42530.0,755.0,535039.0,186069.0,2875486.0
7,2021-03-24,83.0,Algeria,116438,89.0,3069.0,3.0,81065.0,84.0,32304.0,9.0,2621.0,69.0,230553.0,5189.0,44428663.0
8,2021-03-24,136.0,Andorra,11638,47.0,114.0,1.0,11082.0,32.0,442.0,12.0,150447.0,1474.0,193595.0,2502650.0,77356.0
9,2021-03-24,120.0,Angola,21836,62.0,532.0,2.0,20172.0,73.0,1132.0,18.0,650.0,16.0,411165.0,12234.0,33607400.0
10,2021-03-24,213.0,Anguilla,22,,,,20.0,,2.0,,1457.0,,11052.0,731872.0,15101.0
11,2021-03-24,188.0,Antigua and Barbuda,1080,,28.0,,715.0,,337.0,45.0,10962.0,284.0,16190.0,164327.0,98523.0
12,2021-03-24,12.0,Argentina,2269877,8300.0,54946.0,123.0,2049035.0,5078.0,165896.0,3574.0,49888.0,1208.0,8477597.0,186323.0,45499515.0
13,2021-03-24,70.0,Armenia,186184,1164.0,3398.0,14.0,169485.0,313.0,13301.0,,62745.0,1145.0,817406.0,275470.0,2967311.0
14,2021-03-24,147.0,Aruba,8985,83.0,82.0,,8336.0,26.0,567.0,8.0,83894.0,766.0,120462.0,1124772.0,107099.0
15,2021-03-24,114.0,Australia,29218,7.0,909.0,,26253.0,3.0,2056.0,,1136.0,35.0,15287777.0,594477.0,25716344.0
16,2021-03-24,37.0,Austria,523269,3289.0,9151.0,30.0,480597.0,2657.0,33521.0,447.0,57858.0,1012.0,6493316.0,717962.0,9044089.0
17,2021-03-24,54.0,Azerbaijan,249492,1185.0,3404.0,20.0,233834.0,478.0,12254.0,,24445.0,334.0,2799101.0,274257.0,10206114.0
18,2021-03-24,148.0,Bahamas,8935,,188.0,,7757.0,,990.0,3.0,22563.0,475.0,73721.0,186166.0,395996.0
19,2021-03-24,79.0,Bahrain,138283,733.0,507.0,4.0,130397.0,552.0,7379.0,49.0,79274.0,291.0,3464973.0,1986370.0,1744374.0
20,2021-03-24,34.0,Bangladesh,580808,3567.0,8763.0,25.0,527609.0,1915.0,44436.0,,3501.0,53.0,4487686.0,27052.0,165890647.0
21,2021-03-24,172.0,Barbados,3582,8.0,40.0,,3401.0,11.0,141.0,,12453.0,139.0,137567.0,478271.0,287634.0
22,2021-03-24,48.0,Belarus,313852,1378.0,2184.0,9.0,304477.0,1447.0,7191.0,,33222.0,231.0,5253173.0,556066.0,9447038.0
23,2021-03-24,25.0,Belgium,842775,3537.0,22763.0,35.0,55692.0,77.0,764320.0,589.0,72487.0,1958.0,10605652.0,912186.0,11626638.0
24,2021-03-24,135.0,Belize,12410,,317.0,1.0,12047.0,,46.0,,30802.0,787.0,95541.0,237137.0,402893.0
25,2021-03-24,151.0,Benin,7100,282.0,90.0,,5552.0,,1458.0,35.0,575.0,7.0,521218.0,42190.0,12353940.0
26,2021-03-24,192.0,Bermuda,840,,12.0,,715.0,,113.0,,13525.0,193.0,189077.0,3044277.0,62109.0
27,2021-03-24,190.0,Bhutan,870,1.0,1.0,,867.0,,2.0,,1119.0,1.0,578215.0,743373.0,777826.0
28,2021-03-24,51.0,Bolivia,266086,879.0,12093.0,19.0,213779.0,1088.0,40214.0,71.0,22570.0,1026.0,858336.0,72806.0,11789409.0
29,2021-03-24,74.0,Bosnia and Herzegovina,158198,1852.0,6067.0,62.0,127247.0,1010.0,24884.0,,48441.0,1858.0,758540.0,232269.0,3265783.0
30,2021-03-24,109.0,Botswana,37559,,485.0,,32550.0,,4524.0,1.0,15740.0,203.0,901776.0,377908.0,2386229.0
31,2021-03-24,2.0,Brazil,12227179,90564.0,301087.0,2244.0,10689646.0,87988.0,1236446.0,8318.0,57225.0,1409.0,28600000.0,133853.0,213666996.0
32,2021-03-24,203.0,British Virgin Islands,153,,1.0,,131.0,,21.0,,5036.0,33.0,13223.0,435268.0,30379.0
33,2021-03-24,200.0,Brunei ,206,,3.0,,188.0,,15.0,,468.0,7.0,112060.0,254366.0,440546.0
34,2021-03-24,46.0,Bulgaria,317116,4375.0,12413.0,106.0,242311.0,2709.0,62392.0,743.0,45893.0,1796.0,2006166.0,290333.0,6909888.0
35,2021-03-24,134.0,Burkina Faso,12596,24.0,145.0,,12269.0,29.0,182.0,,591.0,7.0,,,21319531.0
36,2021-03-24,174.0,Burundi,2657,29.0,6.0,,773.0,,1878.0,,219.0,5.0,90019.0,7410.0,12147673.0
37,2021-03-24,130.0,Cabo Verde,16661,106.0,163.0,,15889.0,44.0,609.0,23.0,29730.0,291.0,125300.0,223588.0,560406.0
38,2021-03-24,183.0,Cambodia,1817,29.0,5.0,1.0,1033.0,34.0,779.0,,108.0,3.0,654809.0,38773.0,16888078.0
39,2021-03-24,107.0,Cameroon,40622,,601.0,,35261.0,,4760.0,53.0,1503.0,22.0,905000.0,33486.0,27026325.0
40,2021-03-24,23.0,Canada,946370,4050.0,22759.0,24.0,886512.0,3237.0,37099.0,586.0,24915.0,599.0,26858481.0,707090.0,37984555.0
41,2021-03-24,159.0,CAR,5088,1.0,64.0,,4957.0,19.0,67.0,2.0,1040.0,13.0,38422.0,7856.0,4891042.0
42,2021-03-24,187.0,Caribbean Netherlands,1192,73.0,10.0,,727.0,79.0,455.0,,45148.0,379.0,8774.0,332323.0,26402.0
43,2021-03-24,197.0,Cayman Islands,482,,2.0,,449.0,1.0,31.0,,7271.0,30.0,80080.0,1208080.0,66287.0
44,2021-03-24,162.0,Chad,4453,13.0,158.0,,4072.0,13.0,223.0,,266.0,9.0,,,16767947.0
45,2021-03-24,166.0,Channel Islands,4046,,86.0,,3960.0,,0.0,1.0,23115.0,491.0,399901.0,2284666.0,175037.0
46,2021-03-24,22.0,Chile,947783,4825.0,22402.0,18.0,888826.0,6054.0,36555.0,2348.0,49270.0,1165.0,10739277.0,558279.0,19236410.0
47,2021-03-24,88.0,China,90125,10.0,4636.0,,85331.0,10.0,158.0,,63.0,3.0,160000000.0,111163.0,1439323776.0
48,2021-03-24,11.0,Colombia,2353210,5986.0,62394.0,120.0,2244522.0,4586.0,46294.0,1982.0,45890.0,1217.0,12386993.0,241557.0,51279841.0
49,2021-03-24,170.0,Comoros,3682,1.0,146.0,,3491.0,8.0,45.0,,4169.0,165.0,,,883093.0
50,2021-03-24,143.0,Congo,9681,117.0,135.0,1.0,7514.0,,2032.0,,1724.0,24.0,92500.0,16468.0,5616857.0
51,2021-03-24,63.0,Costa Rica,213438,,2908.0,,190950.0,,19580.0,147.0,41621.0,567.0,775821.0,151286.0,5128187.0
52,2021-03-24,52.0,Croatia,260636,1891.0,5828.0,20.0,247208.0,665.0,7600.0,99.0,63778.0,1426.0,1495041.0,365839.0,4086614.0
53,2021-03-24,97.0,Cuba,68986,736.0,405.0,4.0,65177.0,745.0,3404.0,67.0,6093.0,36.0,2843469.0,251156.0,11321533.0
54,2021-03-24,155.0,Curaçao,6424,250.0,27.0,3.0,4952.0,61.0,1445.0,38.0,39031.0,164.0,62015.0,376794.0,164586.0
55,2021-03-24,103.0,Cyprus,43286,293.0,248.0,2.0,2057.0,,40981.0,47.0,35662.0,204.0,2994813.0,2467301.0,1213801.0
56,2021-03-24,19.0,Czechia,1486613,10964.0,25389.0,181.0,1298877.0,545.0,162347.0,1890.0,138630.0,2368.0,11278655.0,1051763.0,10723575.0
57,2021-03-24,60.0,Denmark,225844,,2405.0,2.0,214922.0,,8517.0,46.0,38891.0,414.0,23267463.0,4006674.0,5807176.0
58,2021-03-24,194.0,Diamond Princess,712,,13.0,,699.0,,0.0,,,,,,
59,2021-03-24,152.0,Djibouti,6895,124.0,64.0,,6172.0,26.0,659.0,,6905.0,64.0,124729.0,124917.0,998498.0
60,2021-03-24,201.0,Dominica,160,4.0,,,151.0,10.0,9.0,,2219.0,,12936.0,179375.0,72117.0
61,2021-03-24,53.0,Dominican Republic,250579,402.0,3289.0,6.0,209586.0,2850.0,37704.0,154.0,22931.0,301.0,1287584.0,117829.0,10927552.0
62,2021-03-24,117.0,DRC,27660,80.0,726.0,,25286.0,,1648.0,,302.0,8.0,,,91535918.0
63,2021-03-24,47.0,Ecuador,316807,3237.0,16540.0,36.0,271847.0,,28420.0,506.0,17759.0,927.0,1111805.0,62325.0,17838744.0
64,2021-03-24,67.0,Egypt,197350,641.0,11720.0,40.0,151444.0,520.0,34186.0,90.0,1902.0,113.0,2506118.0,24157.0,103741837.0
65,2021-03-24,99.0,El Salvador,63766,135.0,1990.0,4.0,61009.0,95.0,767.0,35.0,9795.0,306.0,827129.0,127051.0,6510216.0
66,2021-03-24,153.0,Equatorial Guinea,6851,71.0,102.0,1.0,6335.0,91.0,414.0,10.0,4770.0,71.0,106588.0,74207.0,1436370.0
67,2021-03-24,173.0,Eritrea,3183,20.0,8.0,,2962.0,39.0,213.0,,889.0,2.0,23693.0,6614.0,3582295.0
68,2021-03-24,85.0,Estonia,99008,1553.0,823.0,14.0,70913.0,567.0,27272.0,52.0,74600.0,620.0,1103635.0,831557.0,1327191.0
69,2021-03-24,128.0,Eswatini,17301,5.0,666.0,1.0,16175.0,74.0,460.0,36.0,14800.0,570.0,169393.0,144910.0,1168957.0
70,2021-03-24,68.0,Ethiopia,192575,1981.0,2718.0,25.0,150642.0,1052.0,39215.0,752.0,1645.0,23.0,2301145.0,19662.0,117034261.0
71,2021-03-24,195.0,Faeroe Islands,661,,1.0,,660.0,,0.0,,13490.0,20.0,238640.0,4870303.0,48999.0
72,2021-03-24,206.0,Falkland Islands,54,,,,54.0,,0.0,,15194.0,,7125.0,2004783.0,3554.0
73,2021-03-24,205.0,Fiji,67,,2.0,,64.0,,1.0,,74.0,2.0,34782.0,38595.0,901206.0
74,2021-03-24,96.0,Finland,73516,803.0,811.0,3.0,46000.0,,26705.0,62.0,13253.0,146.0,3831984.0,690816.0,5547044.0
75,2021-03-24,5.0,France,4378446,33389.0,93627.0,305.0,283507.0,,4001312.0,4634.0,66970.0,1432.0,60773434.0,929547.0,65379596.0
76,2021-03-24,129.0,French Guiana,16922,158.0,89.0,2.0,9995.0,,6838.0,6.0,55608.0,292.0,158139.0,519668.0,304308.0
77,2021-03-24,124.0,French Polynesia,18598,3.0,141.0,,4842.0,,13615.0,2.0,65927.0,500.0,26355.0,93425.0,282099.0
78,2021-03-24,125.0,Gabon,18426,348.0,109.0,1.0,15863.0,209.0,2454.0,33.0,8139.0,48.0,613559.0,271013.0,2263944.0
79,2021-03-24,158.0,Gambia,5303,48.0,161.0,,4926.0,51.0,216.0,3.0,2150.0,65.0,53586.0,21730.0,2465957.0
80,2021-03-24,49.0,Georgia,278628,450.0,3722.0,8.0,270922.0,254.0,3984.0,,69945.0,934.0,3196329.0,802385.0,3983534.0
81,2021-03-24,10.0,Germany,2709872,20667.0,75911.0,203.0,2445300.0,11500.0,188661.0,3209.0,32268.0,904.0,47578793.0,566545.0,83980634.0
82,2021-03-24,90.0,Ghana,89893,,734.0,,86248.0,,2911.0,47.0,2850.0,23.0,975812.0,30934.0,31545457.0
83,2021-03-24,163.0,Gibraltar,4271,,94.0,,4160.0,4.0,17.0,1.0,126796.0,2791.0,208125.0,6178750.0,33684.0
84,2021-03-24,56.0,Greece,245405,3058.0,7649.0,67.0,209436.0,2306.0,28320.0,699.0,23629.0,737.0,6254354.0,602216.0,10385560.0
85,2021-03-24,210.0,Greenland,31,,,,31.0,,0.0,,545.0,,19792.0,348193.0,56842.0
86,2021-03-24,202.0,Grenada,154,,1.0,,151.0,,2.0,,1364.0,9.0,23330.0,206632.0,112906.0
87,2021-03-24,138.0,Guadeloupe,11298,322.0,165.0,,2242.0,,8891.0,8.0,28233.0,412.0,149795.0,374325.0,400174.0
88,2021-03-24,69.0,Guatemala,190208,1141.0,6749.0,19.0,173301.0,680.0,10158.0,5.0,10476.0,372.0,1023093.0,56346.0,18157269.0
89,2021-03-24,123.0,Guinea,19084,139.0,113.0,,16132.0,53.0,2839.0,24.0,1425.0,8.0,169784.0,12678.0,13391527.0
90,2021-03-24,171.0,Guinea-Bissau,3591,5.0,56.0,,2901.0,10.0,634.0,16.0,1794.0,28.0,57291.0,28619.0,2001842.0
91,2021-03-24,142.0,Guyana,9820,88.0,220.0,2.0,8632.0,30.0,968.0,12.0,12441.0,279.0,84486.0,107034.0,789337.0
92,2021-03-24,133.0,Haiti,12732,,251.0,,10754.0,,1727.0,,1107.0,22.0,54379.0,4727.0,11504198.0
93,2021-03-24,71.0,Honduras,184031,751.0,4489.0,20.0,69458.0,281.0,110084.0,461.0,18367.0,448.0,497104.0,49613.0,10019634.0
94,2021-03-24,137.0,Hong Kong,11420,10.0,204.0,,10963.0,27.0,253.0,10.0,1514.0,27.0,9296529.0,1232708.0,7541547.0
95,2021-03-24,32.0,Hungary,593710,7587.0,18952.0,249.0,381807.0,3631.0,192951.0,1423.0,61573.0,1966.0,4367900.0,452993.0,9642302.0
96,2021-03-24,156.0,Iceland,6144,22.0,29.0,,6039.0,3.0,76.0,1.0,17919.0,85.0,527579.0,1538728.0,342867.0
97,2021-03-24,3.0,India,11787013,53419.0,160726.0,249.0,11229591.0,26575.0,396696.0,8944.0,8480.0,116.0,236438861.0,170107.0,1389938347.0
98,2021-03-24,20.0,Indonesia,1476452,5227.0,39983.0,118.0,1312543.0,7622.0,123926.0,,5356.0,145.0,12270150.0,44515.0,275640645.0
99,2021-03-24,15.0,Iran,1823317,7605.0,62045.0,94.0,1562709.0,6943.0,198563.0,3874.0,21507.0,732.0,12349804.0,145670.0,84779068.0
100,2021-03-24,28.0,Iraq,809092,6051.0,14095.0,29.0,727471.0,4185.0,67526.0,476.0,19792.0,345.0,7750389.0,189591.0,40879544.0
101,2021-03-24,58.0,Ireland,232164,680.0,4628.0,18.0,23364.0,,204172.0,75.0,46637.0,930.0,3879162.0,779238.0,4978147.0
102,2021-03-24,186.0,Isle of Man,1530,14.0,26.0,,702.0,,802.0,12.0,17923.0,305.0,42077.0,492918.0,85363.0
103,2021-03-24,26.0,Israel,830028,339.0,6154.0,32.0,811008.0,2139.0,12866.0,483.0,90244.0,669.0,13269408.0,1442705.0,9197590.0
104,2021-03-24,7.0,Italy,3440834,21239.0,106339.0,460.0,2773215.0,20132.0,561280.0,3588.0,56971.0,1761.0,47759055.0,790760.0,60396434.0
105,2021-03-24,105.0,Ivory Coast,41307,439.0,224.0,2.0,37320.0,376.0,3763.0,,1538.0,8.0,492562.0,18343.0,26853250.0
106,2021-03-24,111.0,Jamaica,36670,439.0,545.0,3.0,16618.0,128.0,19507.0,42.0,12344.0,183.0,267792.0,90146.0,2970652.0
107,2021-03-24,39.0,Japan,459043,1289.0,8908.0,47.0,436463.0,1102.0,13672.0,328.0,3638.0,71.0,9429113.0,74721.0,126191515.0
108,2021-03-24,36.0,Jordan,562857,9130.0,6181.0,104.0,456188.0,8300.0,100488.0,729.0,54767.0,601.0,5617586.0,546602.0,10277294.0
109,2021-03-24,57.0,Kazakhstan,235095,1088.0,2952.0,11.0,212908.0,817.0,19235.0,221.0,12412.0,156.0,8405640.0,443780.0,18940998.0
110,2021-03-24,80.0,Kenya,124707,1540.0,2066.0,18.0,90770.0,184.0,31871.0,141.0,2283.0,38.0,1434725.0,26261.0,54633685.0
111,2021-03-24,61.0,Kuwait,223042,1299.0,1256.0,10.0,207392.0,1212.0,14394.0,238.0,51669.0,291.0,1994656.0,462078.0,4316712.0
112,2021-03-24,93.0,Kyrgyzstan,87652,115.0,1492.0,2.0,84339.0,65.0,1821.0,16.0,13275.0,226.0,822901.0,124630.0,6602771.0
113,2021-03-24,207.0,Laos,49,,,,45.0,,4.0,,7.0,,128483.0,17474.0,7352700.0
114,2021-03-24,86.0,Latvia,98870,776.0,1851.0,11.0,89910.0,397.0,7109.0,68.0,52849.0,989.0,1792989.0,958404.0,1870807.0
115,2021-03-24,40.0,Lebanon,448721,3856.0,5903.0,53.0,350694.0,1471.0,92124.0,991.0,65960.0,868.0,3448772.0,506953.0,6802939.0
116,2021-03-24,139.0,Lesotho,10686,1.0,315.0,1.0,4438.0,48.0,5933.0,,4959.0,146.0,65807.0,30541.0,2154693.0
117,2021-03-24,182.0,Liberia,2042,,85.0,,1899.0,,58.0,2.0,397.0,17.0,79684.0,15490.0,5144173.0
118,2021-03-24,75.0,Libya,154320,909.0,2582.0,18.0,141413.0,993.0,10325.0,,22238.0,372.0,834039.0,120186.0,6939591.0
119,2021-03-24,175.0,Liechtenstein,2636,2.0,56.0,,2548.0,6.0,32.0,,68991.0,1466.0,29848.0,781198.0,38208.0
120,2021-03-24,64.0,Lithuania,211035,792.0,3517.0,16.0,195551.0,436.0,11967.0,140.0,78329.0,1305.0,2286679.0,848733.0,2694227.0
121,2021-03-24,101.0,Luxembourg,59907,245.0,728.0,2.0,55842.0,81.0,3337.0,17.0,94578.0,1149.0,2330526.0,3679315.0,633413.0
122,2021-03-24,208.0,Macao,48,,,,47.0,,1.0,,73.0,,4369.0,6662.0,655805.0
123,2021-03-24,119.0,Madagascar,22844,162.0,363.0,2.0,21282.0,141.0,1199.0,23.0,810.0,13.0,137115.0,4861.0,28208425.0
124,2021-03-24,112.0,Malawi,33354,31.0,1105.0,6.0,29253.0,133.0,2996.0,31.0,1711.0,57.0,214525.0,11007.0,19489214.0
125,2021-03-24,45.0,Malaysia,336808,1268.0,1246.0,2.0,320925.0,1083.0,14637.0,161.0,10310.0,38.0,7316059.0,223943.0,32669226.0
126,2021-03-24,118.0,Maldives,22929,139.0,66.0,,20359.0,133.0,2504.0,102.0,41880.0,121.0,623614.0,1139042.0,547490.0
127,2021-03-24,144.0,Mali,9577,103.0,372.0,,6680.0,19.0,2525.0,,463.0,18.0,159785.0,7729.0,20674141.0
128,2021-03-24,115.0,Malta,28510,101.0,377.0,2.0,25857.0,302.0,2276.0,,64443.0,852.0,792598.0,1791558.0,442407.0
129,2021-03-24,218.0,Marshall Islands,4,,,,4.0,,0.0,,67.0,,,,59483.0
130,2021-03-24,150.0,Martinique,7710,,49.0,,98.0,,7563.0,5.0,20557.0,131.0,118816.0,316800.0,375051.0
131,2021-03-24,127.0,Mauritania,17690,32.0,447.0,,16947.0,9.0,296.0,14.0,3733.0,94.0,196596.0,41489.0,4738463.0
132,2021-03-24,191.0,Mauritius,850,,10.0,,592.0,,248.0,,668.0,8.0,289552.0,227400.0,1273318.0
133,2021-03-24,122.0,Mayotte,19224,,154.0,,2964.0,,16106.0,16.0,69250.0,555.0,147985.0,533081.0,277603.0
134,2021-03-24,13.0,Mexico,2203041,5881.0,199048.0,809.0,1744262.0,4008.0,259731.0,4798.0,16956.0,1532.0,5931263.0,45652.0,129924289.0
135,2021-03-24,221.0,Micronesia,1,,,,1.0,,0.0,,9.0,,,,115906.0
136,2021-03-24,62.0,Moldova,219988,2273.0,4661.0,38.0,193562.0,1932.0,21765.0,341.0,54627.0,1157.0,816504.0,202754.0,4027065.0
137,2021-03-24,179.0,Monaco,2210,11.0,28.0,1.0,2040.0,10.0,142.0,3.0,56026.0,710.0,51953.0,1317066.0,39446.0
138,2021-03-24,157.0,Mongolia,5610,218.0,5.0,,3947.0,189.0,1658.0,22.0,1691.0,2.0,2145944.0,646985.0,3316836.0
139,2021-03-24,92.0,Montenegro,88550,434.0,1224.0,4.0,79634.0,644.0,7692.0,69.0,140975.0,1949.0,326962.0,520537.0,628124.0
140,2021-03-24,214.0,Montserrat,20,,1.0,,19.0,,0.0,,4005.0,200.0,1093.0,218863.0,4994.0
141,2021-03-24,38.0,Morocco,492842,439.0,8786.0,11.0,480607.0,507.0,3449.0,270.0,13238.0,236.0,5892612.0,158273.0,37230602.0
142,2021-03-24,98.0,Mozambique,66649,153.0,752.0,2.0,53803.0,615.0,12094.0,,2090.0,24.0,469425.0,14720.0,31891180.0
143,2021-03-24,217.0,MS Zaandam,9,,2.0,,7.0,,0.0,,,,,,
144,2021-03-24,78.0,Myanmar,142292,28.0,3204.0,,131772.0,7.0,7316.0,,2602.0,59.0,2526740.0,46212.0,54677220.0
145,2021-03-24,104.0,Namibia,42864,93.0,502.0,4.0,39976.0,282.0,2386.0,30.0,16650.0,195.0,336638.0,130760.0,2574471.0
146,2021-03-24,50.0,Nepal,276389,145.0,3020.0,1.0,272187.0,90.0,1182.0,,9363.0,102.0,2248993.0,76188.0,29519102.0
147,2021-03-24,21.0,Netherlands,1220945,7579.0,16371.0,32.0,,,,625.0,71139.0,954.0,9747836.0,567966.0,17162719.0
148,2021-03-24,204.0,New Caledonia,116,,,,58.0,,58.0,1.0,403.0,,26871.0,93462.0,287508.0
149,2021-03-24,177.0,New Zealand,2470,8.0,26.0,,2377.0,4.0,67.0,,494.0,5.0,1861752.0,372194.0,5002100.0
150,2021-03-24,154.0,Nicaragua,6629,,177.0,,4225.0,,2227.0,,992.0,26.0,,,6682209.0
151,2021-03-24,160.0,Niger,4955,16.0,185.0,,4563.0,10.0,207.0,1.0,199.0,7.0,87266.0,3513.0,24840258.0
152,2021-03-24,73.0,Nigeria,162178,102.0,2031.0,,148726.0,196.0,11421.0,10.0,773.0,10.0,1727467.0,8232.0,209854703.0
153,2021-03-24,82.0,North Macedonia,122227,1345.0,3545.0,17.0,102652.0,451.0,16030.0,124.0,58670.0,1702.0,599782.0,287898.0,2083311.0
154,2021-03-24,89.0,Norway,90104,984.0,656.0,7.0,74332.0,,15116.0,47.0,16526.0,120.0,4464591.0,818845.0,5452305.0
155,2021-03-24,77.0,Oman,153105,741.0,1644.0,11.0,140220.0,374.0,11241.0,116.0,29437.0,316.0,1550000.0,298018.0,5201034.0
156,2021-03-24,31.0,Pakistan,637042,3301.0,13965.0,30.0,586228.0,957.0,36849.0,2564.0,2844.0,62.0,9895515.0,44173.0,224019136.0
157,2021-03-24,59.0,Palestine,230076,2032.0,2501.0,23.0,203340.0,1665.0,24235.0,206.0,44350.0,482.0,1384569.0,266894.0,5187709.0
158,2021-03-24,44.0,Panama,352082,415.0,6065.0,5.0,340974.0,481.0,5043.0,111.0,80672.0,1390.0,2095216.0,480073.0,4364367.0
159,2021-03-24,165.0,Papua New Guinea,4109,351.0,39.0,2.0,846.0,,3224.0,,453.0,4.0,55411.0,6109.0,9070604.0
160,2021-03-24,66.0,Paraguay,200823,2688.0,3869.0,51.0,164401.0,1522.0,32553.0,413.0,27905.0,538.0,868914.0,120739.0,7196618.0
161,2021-03-24,18.0,Peru,1492519,11260.0,50656.0,182.0,1406304.0,8963.0,35559.0,2253.0,44810.0,1521.0,8881594.0,266654.0,33307537.0
162,2021-03-24,30.0,Philippines,684275,6630.0,13039.0,47.0,579488.0,1042.0,91748.0,785.0,6184.0,118.0,9816140.0,88716.0,110647325.0
163,2021-03-24,14.0,Poland,2120670,29977.0,50340.0,575.0,1707846.0,13971.0,362484.0,2537.0,56078.0,1331.0,11400455.0,301471.0,37816127.0
164,2021-03-24,27.0,Portugal,818787,575.0,16805.0,11.0,769838.0,752.0,32144.0,155.0,80472.0,1652.0,8892180.0,873939.0,10174830.0
165,2021-03-24,72.0,Qatar,175332,570.0,278.0,3.0,161488.0,377.0,13566.0,224.0,62445.0,99.0,1686747.0,600735.0,2807805.0
166,2021-03-24,131.0,Réunion,15561,,102.0,,14064.0,,1395.0,57.0,17290.0,113.0,98785.0,109762.0,899996.0
167,2021-03-24,24.0,Romania,913143,6136.0,22579.0,137.0,819799.0,5617.0,70765.0,1351.0,47701.0,1179.0,7080758.0,369885.0,19143121.0
168,2021-03-24,4.0,Russia,4483471,8861.0,96219.0,401.0,4098400.0,10355.0,288852.0,2300.0,30713.0,659.0,118100000.0,809012.0,145980454.0
169,2021-03-24,121.0,Rwanda,21106,131.0,297.0,2.0,19441.0,131.0,1368.0,1.0,1601.0,23.0,1098629.0,83320.0,13185681.0
170,2021-03-24,84.0,S. Korea,99846,425.0,1707.0,3.0,91560.0,481.0,6579.0,111.0,1946.0,33.0,7441210.0,145048.0,51301609.0
171,2021-03-24,209.0,Saint Kitts and Nevis,44,,,,42.0,,2.0,,823.0,,10591.0,198055.0,53475.0
172,2021-03-24,164.0,Saint Lucia,4161,12.0,58.0,1.0,3977.0,14.0,126.0,2.0,22584.0,315.0,35015.0,190048.0,184243.0
173,2021-03-24,185.0,Saint Martin,1619,,12.0,,1399.0,,208.0,7.0,41357.0,307.0,23812.0,608271.0,39147.0
174,2021-03-24,212.0,Saint Pierre Miquelon,24,,,,24.0,,0.0,,4157.0,,3729.0,645938.0,5773.0
175,2021-03-24,219.0,Samoa,3,,,,2.0,,1.0,,15.0,,,,199381.0
176,2021-03-24,161.0,San Marino,4484,48.0,82.0,2.0,3914.0,40.0,488.0,9.0,131948.0,2413.0,51114.0,1504105.0,33983.0
177,2021-03-24,180.0,Sao Tome and Principe,2174,15.0,34.0,,2015.0,16.0,125.0,,9787.0,153.0,11592.0,52186.0,222127.0
178,2021-03-24,42.0,Saudi Arabia,386300,466.0,6624.0,6.0,375471.0,306.0,4205.0,627.0,10971.0,188.0,14766929.0,419398.0,35209826.0
179,2021-03-24,108.0,Senegal,38134,178.0,1023.0,3.0,35508.0,329.0,1603.0,31.0,2235.0,60.0,429132.0,25148.0,17064529.0
180,2021-03-24,35.0,Serbia,566669,5297.0,5039.0,37.0,477395.0,3483.0,84235.0,243.0,65049.0,578.0,3313232.0,380330.0,8711461.0
181,2021-03-24,168.0,Seychelles,3882,54.0,18.0,,3318.0,113.0,546.0,,39294.0,182.0,5200.0,52635.0,98793.0
182,2021-03-24,167.0,Sierra Leone,3953,4.0,79.0,,2796.0,4.0,1078.0,,488.0,10.0,116448.0,14385.0,8095190.0
183,2021-03-24,100.0,Singapore,60236,15.0,30.0,,60078.0,15.0,128.0,,10237.0,5.0,8307697.0,1411899.0,5884058.0
184,2021-03-24,181.0,Sint Maarten,2114,6.0,27.0,,2062.0,2.0,25.0,1.0,48899.0,625.0,22989.0,531759.0,43232.0
185,2021-03-24,43.0,Slovakia,352528,1977.0,9261.0,71.0,255300.0,,87967.0,683.0,64547.0,1696.0,2290864.0,419450.0,5461586.0
186,2021-03-24,65.0,Slovenia,208589,1289.0,3994.0,9.0,193383.0,944.0,11212.0,99.0,100324.0,1921.0,1021025.0,491079.0,2079148.0
187,2021-03-24,215.0,Solomon Islands,18,,,,16.0,,2.0,,26.0,,4500.0,6437.0,699134.0
188,2021-03-24,140.0,Somalia,10531,162.0,463.0,10.0,4605.0,41.0,5463.0,,649.0,29.0,,,16215158.0
189,2021-03-24,17.0,South Africa,1540009,1048.0,52372.0,121.0,1466595.0,1391.0,21042.0,546.0,25729.0,875.0,9690815.0,161903.0,59855524.0
190,2021-03-24,141.0,South Sudan,9969,50.0,107.0,1.0,9002.0,,860.0,1.0,883.0,9.0,127025.0,11251.0,11289734.0
191,2021-03-24,8.0,Spain,3241345,7026.0,74064.0,320.0,3000670.0,7822.0,166611.0,1855.0,69307.0,1584.0,41884958.0,895588.0,46768089.0
192,2021-03-24,87.0,Sri Lanka,91018,253.0,552.0,,87630.0,324.0,2836.0,,4238.0,26.0,2274509.0,105894.0,21479141.0
193,2021-03-24,193.0,St. Barth,775,,1.0,,462.0,,312.0,,78291.0,101.0,21651.0,2187191.0,9899.0
194,2021-03-24,184.0,St. Vincent Grenadines,1703,3.0,10.0,,1529.0,6.0,164.0,2.0,15315.0,90.0,40079.0,360426.0,111199.0
195,2021-03-24,113.0,Sudan,29661,119.0,2028.0,25.0,23990.0,132.0,3643.0,,665.0,45.0,231694.0,5196.0,44594229.0
196,2021-03-24,146.0,Suriname,9077,3.0,177.0,,8568.0,4.0,332.0,2.0,15372.0,300.0,44069.0,74632.0,590482.0
197,2021-03-24,29.0,Sweden,773662,7722.0,13364.0,3.0,,,,281.0,76257.0,1317.0,6627544.0,653253.0,10145443.0
198,2021-03-24,33.0,Switzerland,588118,2022.0,10276.0,29.0,540106.0,1217.0,37736.0,158.0,67592.0,1181.0,5765946.0,662675.0,8701013.0
199,2021-03-24,126.0,Syria,17896,153.0,1195.0,12.0,11907.0,113.0,4794.0,,1005.0,67.0,,,17809863.0
200,2021-03-24,189.0,Taiwan,1009,2.0,10.0,,969.0,,30.0,,42.0,4.0,459223.0,19256.0,23848441.0
201,2021-03-24,132.0,Tajikistan,13308,,90.0,,13218.0,,0.0,,1373.0,9.0,,,9693589.0
202,2021-03-24,196.0,Tanzania,509,,21.0,,183.0,,305.0,7.0,8.0,3.0,,,60969196.0
203,2021-03-24,116.0,Thailand,28346,69.0,92.0,,26873.0,107.0,1381.0,1.0,405.0,1.0,8014926.0,114616.0,69928605.0
204,2021-03-24,198.0,Timor-Leste,372,21.0,,,125.0,1.0,247.0,,278.0,,37348.0,27939.0,1336755.0
205,2021-03-24,145.0,Togo,9147,,105.0,,7341.0,,1701.0,,1086.0,12.0,263543.0,31300.0,8419903.0
206,2021-03-24,149.0,Trinidad and Tobago,7903,38.0,141.0,,7575.0,2.0,187.0,12.0,5634.0,101.0,108872.0,77610.0,1402815.0
207,2021-03-24,55.0,Tunisia,247254,747.0,8637.0,27.0,213969.0,464.0,24648.0,277.0,20762.0,725.0,1074639.0,90236.0,11909140.0
208,2021-03-24,9.0,Turkey,3091282,29762.0,30462.0,146.0,2881643.0,17761.0,179177.0,1720.0,36367.0,358.0,36990175.0,435162.0,85003274.0
209,2021-03-24,178.0,Turks and Caicos,2315,8.0,17.0,,2183.0,9.0,115.0,2.0,59207.0,435.0,20896.0,534425.0,39100.0
210,2021-03-24,41.0,UAE,446594,2196.0,1456.0,5.0,429573.0,2385.0,15565.0,,44759.0,146.0,36012066.0,3609215.0,9977810.0
211,2021-03-24,106.0,Uganda,40720,1.0,334.0,,15139.0,,25247.0,,870.0,7.0,922290.0,19712.0,46787940.0
212,2021-03-24,6.0,UK,4312908,5605.0,126382.0,98.0,3729155.0,16497.0,457371.0,711.0,63288.0,1855.0,118204895.0,1734542.0,68147613.0
213,2021-03-24,16.0,Ukraine,1579906,14174.0,30773.0,342.0,1276272.0,7386.0,272861.0,177.0,36286.0,707.0,7778231.0,178645.0,43540188.0
214,2021-03-24,91.0,Uruguay,88904,2410.0,843.0,16.0,71588.0,1216.0,16473.0,225.0,25528.0,242.0,1264894.0,363207.0,3482568.0
215,2021-03-24,1.0,USA,30708302,67138.0,558626.0,1462.0,23126210.0,89001.0,7023466.0,8623.0,92376.0,1680.0,393864920.0,1184819.0,332426183.0
216,2021-03-24,95.0,Uzbekistan,81678,119.0,623.0,1.0,80045.0,96.0,1010.0,23.0,2415.0,18.0,1377915.0,40738.0,33823620.0
217,2021-03-24,220.0,Vanuatu,3,,,,1.0,,2.0,,10.0,,470.0,1505.0,312367.0
218,2021-03-24,211.0,Vatican City,27,,,,15.0,,12.0,,33666.0,,,,802.0
219,2021-03-24,76.0,Venezuela,153315,807.0,1521.0,10.0,142381.0,1121.0,9413.0,162.0,5403.0,54.0,3102996.0,109350.0,28376650.0
220,2021-03-24,176.0,Vietnam,2576,1.0,35.0,,2265.0,19.0,276.0,,26.0,4.0,2598753.0,26523.0,97980062.0
221,2021-03-24,199.0,Wallis and Futuna,341,12.0,3.0,1.0,18.0,,320.0,4.0,30740.0,270.0,1331.0,119986.0,11093.0
222,2021-03-24,216.0,Western Sahara,10,,1.0,,8.0,,1.0,,16.0,2.0,,,608019.0
223,2021-03-24,169.0,Yemen,3703,91.0,800.0,15.0,1577.0,11.0,1326.0,23.0,122.0,26.0,17544.0,579.0,30304252.0
224,2021-03-24,94.0,Zambia,86993,214.0,1187.0,2.0,83617.0,139.0,2189.0,119.0,4638.0,63.0,1211098.0,64565.0,18757749.0
225,2021-03-24,110.0,Zimbabwe,36749,32.0,1516.0,,34476.0,29.0,757.0,13.0,2447.0,101.0,366902.0,24426.0,15021008.0
226,2021-03-25,,"

",721,,15.0,,706.0,,0.0,0.0,,,,,
227,2021-03-25,,"
Africa
",4199555,11304.0,111794.0,224.0,3773075.0,35074.0,314686.0,2712.0,,,,,
228,2021-03-25,,"
Asia
",27678815,156218.0,421914.0,1101.0,25552044.0,95332.0,1704857.0,24516.0,,,,,
229,2021-03-25,,"
Oceania
",55559,582.0,1121.0,1.0,34520.0,32.0,19918.0,5.0,,,,,
230,2021-03-25,,"
South America
",20605064,117926.0,534243.0,4075.0,18356783.0,74612.0,1714038.0,19991.0,,,,,
231,2021-03-25,102.0,Afghanistan,56290,36.0,2469.0,,49994.0,57.0,3827.0,1105.0,1423.0,62.0,339269.0,8575.0,39566530.0
232,2021-03-25,82.0,Albania,123216,449.0,2192.0,8.0,88349.0,589.0,32675.0,46.0,42850.0,762.0,540845.0,188088.0,2875486.0
233,2021-03-25,83.0,Algeria,116657,114.0,3074.0,3.0,81160.0,95.0,32423.0,17.0,2626.0,69.0,230658.0,5192.0,44428663.0
234,2021-03-25,136.0,Andorra,11732,45.0,114.0,,11149.0,38.0,469.0,12.0,151662.0,1474.0,193595.0,2502650.0,77356.0
235,2021-03-25,120.0,Angola,21961,47.0,532.0,,20250.0,60.0,1179.0,18.0,653.0,16.0,414168.0,12324.0,33607400.0
236,2021-03-25,213.0,Anguilla,22,,,,20.0,,2.0,,1457.0,,11052.0,731872.0,15101.0
237,2021-03-25,188.0,Antigua and Barbuda,1103,3.0,28.0,,748.0,5.0,327.0,45.0,11195.0,284.0,16315.0,165596.0,98523.0
238,2021-03-25,12.0,Argentina,2291051,12936.0,55235.0,143.0,2064479.0,8007.0,171337.0,3508.0,50353.0,1214.0,8605895.0,189143.0,45499515.0
239,2021-03-25,70.0,Armenia,188446,1005.0,3434.0,18.0,170160.0,433.0,14852.0,,63507.0,1157.0,828159.0,279094.0,2967311.0
240,2021-03-25,146.0,Aruba,9142,69.0,82.0,,8401.0,28.0,659.0,8.0,85360.0,766.0,122386.0,1142737.0,107099.0
241,2021-03-25,114.0,Australia,29238,10.0,909.0,,26263.0,6.0,2066.0,,1137.0,35.0,15365871.0,597514.0,25716344.0
242,2021-03-25,37.0,Austria,530288,3895.0,9200.0,22.0,486088.0,2628.0,35000.0,463.0,58634.0,1017.0,6568554.0,726281.0,9044089.0
243,2021-03-25,53.0,Azerbaijan,252680,1759.0,3445.0,24.0,234893.0,511.0,14342.0,,24758.0,338.0,2816784.0,275990.0,10206114.0
244,2021-03-25,148.0,Bahamas,8935,,188.0,,7757.0,,990.0,3.0,22563.0,475.0,73721.0,186166.0,395996.0
245,2021-03-25,79.0,Bahrain,139953,829.0,512.0,4.0,131594.0,479.0,7847.0,47.0,80231.0,294.0,3499615.0,2006230.0,1744374.0
246,2021-03-25,34.0,Bangladesh,588132,3737.0,8830.0,33.0,531651.0,2057.0,47651.0,,3545.0,53.0,4542030.0,27380.0,165890647.0
247,2021-03-25,172.0,Barbados,3603,10.0,41.0,1.0,3419.0,15.0,143.0,,12526.0,143.0,138967.0,483138.0,287634.0
248,2021-03-25,48.0,Belarus,316418,1425.0,2202.0,9.0,307004.0,1444.0,7212.0,,33494.0,233.0,5291538.0,560127.0,9447038.0
249,2021-03-25,25.0,Belgium,854608,5518.0,22816.0,30.0,56170.0,242.0,775622.0,636.0,73504.0,1962.0,10772328.0,926521.0,11626638.0
250,2021-03-25,135.0,Belize,12415,4.0,317.0,,12061.0,9.0,37.0,1.0,30815.0,787.0,96854.0,240396.0,402893.0
251,2021-03-25,152.0,Benin,7100,,90.0,,6452.0,,558.0,35.0,575.0,7.0,548484.0,44397.0,12353940.0
252,2021-03-25,190.0,Bermuda,914,34.0,12.0,,718.0,,184.0,,14716.0,193.0,191467.0,3082758.0,62109.0
253,2021-03-25,192.0,Bhutan,870,,1.0,,867.0,,2.0,,1119.0,1.0,586497.0,754021.0,777826.0
254,2021-03-25,51.0,Bolivia,267833,774.0,12131.0,24.0,216057.0,1069.0,39645.0,71.0,22718.0,1029.0,872730.0,74027.0,11789409.0
255,2021-03-25,74.0,Bosnia and Herzegovina,162032,1869.0,6220.0,76.0,128241.0,442.0,27571.0,,49615.0,1905.0,769406.0,235596.0,3265783.0
256,2021-03-25,108.0,Botswana,38466,,506.0,,33903.0,,4057.0,1.0,16120.0,212.0,910730.0,381661.0,2386229.0
257,2021-03-25,2.0,Brazil,12407323,82558.0,307326.0,3600.0,10824095.0,51546.0,1275902.0,8318.0,58069.0,1438.0,28600000.0,133853.0,213666996.0
258,2021-03-25,203.0,British Virgin Islands,153,,1.0,,131.0,,21.0,,5036.0,33.0,13223.0,435268.0,30379.0
259,2021-03-25,200.0,Brunei ,206,,3.0,,188.0,,15.0,,468.0,7.0,112060.0,254366.0,440546.0
260,2021-03-25,46.0,Bulgaria,325233,4129.0,12601.0,89.0,247451.0,2979.0,65181.0,751.0,47068.0,1824.0,2042578.0,295602.0,6909888.0
261,2021-03-25,134.0,Burkina Faso,12650,31.0,145.0,,12314.0,20.0,191.0,,593.0,7.0,,,21319531.0
262,2021-03-25,174.0,Burundi,2657,,6.0,,773.0,,1878.0,,219.0,5.0,90019.0,7410.0,12147673.0
263,2021-03-25,130.0,Cabo Verde,16911,124.0,165.0,1.0,16011.0,75.0,735.0,23.0,30176.0,294.0,126207.0,225206.0,560406.0
264,2021-03-25,183.0,Cambodia,1968,96.0,8.0,3.0,1074.0,18.0,886.0,,117.0,5.0,668542.0,39587.0,16888078.0
265,2021-03-25,103.0,Cameroon,47669,,721.0,,35261.0,,11687.0,53.0,1764.0,27.0,905000.0,33486.0,27026325.0
266,2021-03-25,23.0,Canada,956655,5093.0,22826.0,36.0,893469.0,3619.0,40360.0,661.0,25185.0,601.0,27110125.0,713714.0,37984555.0
267,2021-03-25,159.0,CAR,5088,,64.0,,4957.0,,67.0,2.0,1040.0,13.0,38422.0,7856.0,4891042.0
268,2021-03-25,187.0,Caribbean Netherlands,1264,17.0,10.0,,807.0,16.0,447.0,,47875.0,379.0,8908.0,337399.0,26402.0
269,2021-03-25,197.0,Cayman Islands,487,4.0,2.0,,462.0,,23.0,,7347.0,30.0,81247.0,1225685.0,66287.0
270,2021-03-25,163.0,Chad,4480,15.0,158.0,,4094.0,14.0,228.0,,267.0,9.0,,,16767947.0
271,2021-03-25,166.0,Channel Islands,4046,,86.0,,3960.0,,0.0,1.0,23115.0,491.0,399901.0,2284666.0,175037.0
272,2021-03-25,22.0,Chile,962321,7559.0,22587.0,63.0,897975.0,5002.0,41759.0,2466.0,50026.0,1174.0,10887507.0,565984.0,19236410.0
273,2021-03-25,90.0,China,90147,11.0,4636.0,,85348.0,13.0,163.0,,63.0,3.0,160000000.0,111163.0,1439323776.0
274,2021-03-25,11.0,Colombia,2367337,7395.0,62645.0,126.0,2255948.0,5885.0,48744.0,1982.0,46165.0,1222.0,12485669.0,243481.0,51279841.0
275,2021-03-25,170.0,Comoros,3689,2.0,146.0,,3494.0,2.0,49.0,,4177.0,165.0,,,883093.0
276,2021-03-25,144.0,Congo,9681,,135.0,,8208.0,,1338.0,,1724.0,24.0,92500.0,16468.0,5616857.0
277,2021-03-25,63.0,Costa Rica,215178,1740.0,2931.0,23.0,191707.0,757.0,20540.0,155.0,41960.0,572.0,775821.0,151286.0,5128187.0
278,2021-03-25,52.0,Croatia,264111,1802.0,5854.0,16.0,249205.0,1141.0,9052.0,115.0,64628.0,1432.0,1511440.0,369851.0,4086614.0
279,2021-03-25,97.0,Cuba,70634,832.0,413.0,5.0,66847.0,843.0,3374.0,67.0,6239.0,36.0,2883123.0,254658.0,11321533.0
280,2021-03-25,153.0,Curaçao,7057,409.0,28.0,1.0,5008.0,29.0,2021.0,38.0,42877.0,170.0,64449.0,391583.0,164586.0
281,2021-03-25,104.0,Cyprus,43971,361.0,248.0,,2057.0,,41666.0,53.0,36226.0,204.0,3064597.0,2524794.0,1213801.0
282,2021-03-25,18.0,Czechia,1503307,7853.0,25639.0,87.0,1299552.0,282.0,178116.0,1860.0,140187.0,2391.0,11690302.0,1090150.0,10723575.0
283,2021-03-25,60.0,Denmark,226633,789.0,2411.0,2.0,215596.0,674.0,8626.0,40.0,39026.0,415.0,23907341.0,4116862.0,5807176.0
284,2021-03-25,194.0,Diamond Princess,712,,13.0,,699.0,,0.0,,,,,,
285,2021-03-25,151.0,Djibouti,7169,153.0,66.0,2.0,6235.0,28.0,868.0,,7180.0,66.0,126414.0,126604.0,998498.0
286,2021-03-25,201.0,Dominica,161,1.0,,,153.0,2.0,8.0,,2232.0,,13201.0,183050.0,72117.0
287,2021-03-25,54.0,Dominican Republic,251332,364.0,3298.0,3.0,210396.0,354.0,37638.0,142.0,23000.0,302.0,1294575.0,118469.0,10927552.0
288,2021-03-25,117.0,DRC,27794,65.0,726.0,,25355.0,,1713.0,,304.0,8.0,,,91535918.0
289,2021-03-25,47.0,Ecuador,321451,2795.0,16632.0,50.0,271847.0,,32972.0,521.0,18020.0,932.0,1123272.0,62968.0,17838744.0
290,2021-03-25,67.0,Egypt,198681,670.0,11804.0,36.0,152198.0,433.0,34679.0,90.0,1915.0,114.0,2506788.0,24164.0,103741837.0
291,2021-03-25,99.0,El Salvador,63766,,1996.0,3.0,61009.0,,761.0,35.0,9795.0,307.0,827129.0,127051.0,6510216.0
292,2021-03-25,154.0,Equatorial Guinea,6851,,102.0,,6335.0,,414.0,10.0,4770.0,71.0,107960.0,75162.0,1436370.0
293,2021-03-25,173.0,Eritrea,3208,16.0,9.0,,2970.0,8.0,229.0,,896.0,3.0,23693.0,6614.0,3582295.0
294,2021-03-25,84.0,Estonia,101587,1151.0,847.0,11.0,72025.0,649.0,28715.0,69.0,76543.0,638.0,1116763.0,841449.0,1327191.0
295,2021-03-25,128.0,Eswatini,17312,6.0,666.0,,16313.0,63.0,333.0,6.0,14810.0,570.0,169857.0,145306.0,1168957.0
296,2021-03-25,68.0,Ethiopia,196621,2097.0,2769.0,28.0,152508.0,1336.0,41344.0,769.0,1680.0,24.0,2316739.0,19795.0,117034261.0
297,2021-03-25,195.0,Faeroe Islands,661,,1.0,,660.0,,0.0,,13490.0,20.0,239854.0,4895079.0,48999.0
298,2021-03-25,206.0,Falkland Islands,54,,,,54.0,,0.0,,15194.0,,7125.0,2004783.0,3554.0
299,2021-03-25,205.0,Fiji,67,,2.0,,64.0,,1.0,,74.0,2.0,34782.0,38595.0,901206.0
300,2021-03-25,96.0,Finland,74754,512.0,817.0,2.0,46000.0,,27937.0,59.0,13476.0,147.0,3871752.0,697985.0,5547044.0
301,2021-03-25,5.0,France,4465956,41869.0,94275.0,363.0,288062.0,1455.0,4083619.0,4766.0,68308.0,1442.0,61991132.0,948172.0,65379596.0
302,2021-03-25,129.0,French Guiana,16922,,89.0,,9995.0,,6838.0,6.0,55608.0,292.0,158139.0,519668.0,304308.0
303,2021-03-25,124.0,French Polynesia,18607,2.0,141.0,,4842.0,,13624.0,2.0,65959.0,500.0,26355.0,93425.0,282099.0
304,2021-03-25,125.0,Gabon,18426,,109.0,,15863.0,,2454.0,33.0,8139.0,48.0,613559.0,271013.0,2263944.0
305,2021-03-25,158.0,Gambia,5365,62.0,163.0,2.0,4990.0,64.0,212.0,3.0,2176.0,66.0,54292.0,22017.0,2465957.0
306,2021-03-25,49.0,Georgia,279446,419.0,3738.0,6.0,271585.0,307.0,4123.0,,70150.0,938.0,3251308.0,816187.0,3983534.0
307,2021-03-25,10.0,Germany,2754002,21872.0,76303.0,187.0,2467600.0,11400.0,210099.0,3209.0,32793.0,909.0,48979281.0,583221.0,83980634.0
308,2021-03-25,91.0,Ghana,90094,95.0,740.0,3.0,86749.0,128.0,2605.0,40.0,2856.0,23.0,981024.0,31099.0,31545457.0
309,2021-03-25,164.0,Gibraltar,4273,1.0,94.0,,4161.0,,18.0,1.0,126855.0,2791.0,209812.0,6228833.0,33684.0
310,2021-03-25,55.0,Greece,249458,1466.0,7754.0,53.0,211872.0,,29832.0,707.0,24020.0,747.0,6318789.0,608421.0,10385560.0
311,2021-03-25,210.0,Greenland,31,,,,31.0,,0.0,,545.0,,19792.0,348193.0,56842.0
312,2021-03-25,202.0,Grenada,155,1.0,1.0,,152.0,1.0,2.0,,1373.0,9.0,23989.0,212469.0,112906.0
313,2021-03-25,138.0,Guadeloupe,11298,,165.0,,2242.0,,8891.0,8.0,28233.0,412.0,149795.0,374325.0,400174.0
314,2021-03-25,69.0,Guatemala,192133,926.0,6775.0,10.0,174343.0,578.0,11015.0,5.0,10582.0,373.0,1034968.0,57000.0,18157269.0
315,2021-03-25,122.0,Guinea,19403,171.0,116.0,3.0,16270.0,80.0,3017.0,24.0,1449.0,9.0,173934.0,12988.0,13391527.0
316,2021-03-25,171.0,Guinea-Bissau,3615,8.0,61.0,,2921.0,10.0,633.0,16.0,1806.0,30.0,57818.0,28882.0,2001842.0
317,2021-03-25,142.0,Guyana,10007,109.0,225.0,2.0,8801.0,80.0,981.0,11.0,12678.0,285.0,86516.0,109606.0,789337.0
318,2021-03-25,133.0,Haiti,12736,,251.0,,10754.0,,1731.0,,1107.0,22.0,54379.0,4727.0,11504198.0
319,2021-03-25,71.0,Honduras,185484,663.0,4527.0,21.0,70427.0,492.0,110530.0,461.0,18512.0,452.0,502240.0,50126.0,10019634.0
320,2021-03-25,137.0,Hong Kong,11440,11.0,205.0,1.0,11023.0,29.0,212.0,10.0,1517.0,27.0,9296529.0,1232708.0,7541547.0
321,2021-03-25,32.0,Hungary,614612,11265.0,19499.0,275.0,392314.0,4744.0,202799.0,1480.0,63741.0,2022.0,4443610.0,460845.0,9642302.0
322,2021-03-25,157.0,Iceland,6163,5.0,29.0,,6039.0,,95.0,1.0,17975.0,85.0,531242.0,1549411.0,342867.0
323,2021-03-25,3.0,India,11908373,62291.0,161275.0,292.0,11292849.0,30346.0,454249.0,8944.0,8568.0,116.0,238604638.0,171666.0,1389938347.0
324,2021-03-25,20.0,Indonesia,1487541,4982.0,40166.0,85.0,1322878.0,5679.0,124497.0,,5397.0,146.0,12422800.0,45069.0,275640645.0
325,2021-03-25,15.0,Iran,1838803,7980.0,62223.0,81.0,1577408.0,7711.0,199172.0,3908.0,21689.0,734.0,12481917.0,147229.0,84779068.0
326,2021-03-25,27.0,Iraq,822095,6490.0,14157.0,29.0,736747.0,4495.0,71191.0,472.0,20110.0,346.0,7835444.0,191672.0,40879544.0
327,2021-03-25,59.0,Ireland,233327,569.0,4651.0,20.0,23364.0,,205312.0,67.0,46870.0,934.0,3915728.0,786583.0,4978147.0
328,2021-03-25,186.0,Isle of Man,1551,6.0,27.0,1.0,851.0,,673.0,12.0,18169.0,316.0,44761.0,524361.0,85363.0
329,2021-03-25,26.0,Israel,831383,538.0,6165.0,2.0,814505.0,1491.0,10713.0,479.0,90391.0,670.0,13379821.0,1454709.0,9197590.0
330,2021-03-25,7.0,Italy,3488619,23987.0,107256.0,457.0,2814652.0,19764.0,566711.0,3628.0,57762.0,1776.0,48463509.0,802423.0,60396434.0
331,2021-03-25,106.0,Ivory Coast,42468,394.0,229.0,,38246.0,449.0,3993.0,,1581.0,9.0,502125.0,18699.0,26853250.0
332,2021-03-25,110.0,Jamaica,37458,330.0,557.0,11.0,16848.0,109.0,20053.0,46.0,12609.0,188.0,271699.0,91461.0,2970652.0
333,2021-03-25,39.0,Japan,462840,1943.0,8967.0,29.0,438879.0,1177.0,14994.0,323.0,3668.0,71.0,9555049.0,75719.0,126191515.0
334,2021-03-25,35.0,Jordan,577734,6444.0,6374.0,97.0,468037.0,4144.0,103323.0,729.0,56215.0,620.0,5705121.0,555119.0,10277294.0
335,2021-03-25,57.0,Kazakhstan,237300,1100.0,2952.0,,214714.0,971.0,19634.0,221.0,12528.0,156.0,8428775.0,445002.0,18940998.0
336,2021-03-25,80.0,Kenya,128178,2008.0,2098.0,6.0,91513.0,245.0,34567.0,124.0,2346.0,38.0,1455061.0,26633.0,54633685.0
337,2021-03-25,61.0,Kuwait,225980,1548.0,1270.0,12.0,210024.0,1253.0,14686.0,242.0,52350.0,294.0,2015114.0,466817.0,4316712.0
338,2021-03-25,93.0,Kyrgyzstan,87858,100.0,1494.0,,84469.0,62.0,1895.0,16.0,13306.0,226.0,831791.0,125976.0,6602771.0
339,2021-03-25,207.0,Laos,49,,,,45.0,,4.0,,7.0,,129999.0,17680.0,7352700.0
340,2021-03-25,86.0,Latvia,100114,638.0,1867.0,3.0,90537.0,,7710.0,69.0,53514.0,998.0,1828388.0,977326.0,1870807.0
341,2021-03-25,40.0,Lebanon,455381,3100.0,6013.0,49.0,356820.0,3478.0,92548.0,978.0,66939.0,884.0,3487759.0,512684.0,6802939.0
342,2021-03-25,139.0,Lesotho,10686,,315.0,,4438.0,,5933.0,,4959.0,146.0,65807.0,30541.0,2154693.0
343,2021-03-25,182.0,Liberia,2042,,85.0,,1899.0,,58.0,2.0,397.0,17.0,79684.0,15490.0,5144173.0
344,2021-03-25,75.0,Libya,156116,884.0,2602.0,11.0,143697.0,1064.0,9817.0,,22496.0,375.0,842538.0,121410.0,6939591.0
345,2021-03-25,175.0,Liechtenstein,2645,3.0,56.0,,2553.0,4.0,36.0,,69226.0,1466.0,29848.0,781198.0,38208.0
346,2021-03-25,64.0,Lithuania,212676,816.0,3529.0,6.0,196504.0,437.0,12643.0,141.0,78938.0,1310.0,2304536.0,855361.0,2694227.0
347,2021-03-25,100.0,Luxembourg,60465,260.0,738.0,2.0,56318.0,274.0,3409.0,19.0,95459.0,1165.0,2353848.0,3716135.0,633413.0
348,2021-03-25,208.0,Macao,48,,,,48.0,,0.0,,73.0,,4369.0,6662.0,655805.0
349,2021-03-25,119.0,Madagascar,23230,190.0,378.0,9.0,21461.0,89.0,1391.0,23.0,824.0,13.0,138616.0,4914.0,28208425.0
350,2021-03-25,112.0,Malawi,33415,28.0,1112.0,4.0,29417.0,157.0,2886.0,27.0,1715.0,57.0,215854.0,11076.0,19489214.0
351,2021-03-25,45.0,Malaysia,339443,1275.0,1249.0,1.0,323925.0,1509.0,14269.0,161.0,10390.0,38.0,7372592.0,225674.0,32669226.0
352,2021-03-25,118.0,Maldives,23237,146.0,66.0,,20529.0,90.0,2642.0,103.0,42443.0,121.0,630904.0,1152357.0,547490.0
353,2021-03-25,143.0,Mali,9719,72.0,376.0,1.0,6751.0,33.0,2592.0,,470.0,18.0,159785.0,7729.0,20674141.0
354,2021-03-25,115.0,Malta,28715,103.0,382.0,4.0,26480.0,332.0,1853.0,,64906.0,863.0,797899.0,1803541.0,442407.0
355,2021-03-25,218.0,Marshall Islands,4,,,,4.0,,0.0,,67.0,,,,59483.0
356,2021-03-25,150.0,Martinique,7710,,49.0,,98.0,,7563.0,5.0,20557.0,131.0,118816.0,316800.0,375051.0
357,2021-03-25,127.0,Mauritania,17745,33.0,448.0,1.0,16976.0,14.0,321.0,14.0,3745.0,95.0,199421.0,42086.0,4738463.0
358,2021-03-25,191.0,Mauritius,871,18.0,10.0,,592.0,,269.0,,684.0,8.0,289552.0,227400.0,1273318.0
359,2021-03-25,123.0,Mayotte,19306,,154.0,,2964.0,,16188.0,16.0,69545.0,555.0,151773.0,546727.0,277603.0
360,2021-03-25,13.0,Mexico,2214542,5787.0,200211.0,584.0,1752125.0,3808.0,262206.0,4798.0,17045.0,1541.0,5983144.0,46051.0,129924289.0
361,2021-03-25,221.0,Micronesia,1,,,,1.0,,0.0,,9.0,,,,115906.0
362,2021-03-25,62.0,Moldova,223986,1866.0,4745.0,43.0,197623.0,2065.0,21618.0,352.0,55620.0,1178.0,829796.0,206055.0,4027065.0
363,2021-03-25,179.0,Monaco,2248,21.0,28.0,,2052.0,5.0,168.0,9.0,56989.0,710.0,51953.0,1317066.0,39446.0
364,2021-03-25,156.0,Mongolia,6332,437.0,5.0,,4150.0,106.0,2177.0,15.0,1909.0,2.0,2174336.0,655545.0,3316836.0
365,2021-03-25,92.0,Montenegro,89363,372.0,1234.0,4.0,80835.0,592.0,7294.0,69.0,142270.0,1965.0,330552.0,526253.0,628124.0
366,2021-03-25,214.0,Montserrat,20,,1.0,,19.0,,0.0,,4005.0,200.0,1093.0,218863.0,4994.0
367,2021-03-25,38.0,Morocco,493867,514.0,8793.0,5.0,481597.0,523.0,3477.0,267.0,13265.0,236.0,5917273.0,158936.0,37230602.0
368,2021-03-25,98.0,Mozambique,66879,117.0,758.0,5.0,55074.0,979.0,11047.0,,2097.0,24.0,472501.0,14816.0,31891180.0
369,2021-03-25,217.0,MS Zaandam,9,,2.0,,7.0,,0.0,,,,,,
370,2021-03-25,78.0,Myanmar,142340,25.0,3205.0,1.0,131781.0,7.0,7354.0,,2603.0,59.0,2530422.0,46279.0,54677220.0
371,2021-03-25,105.0,Namibia,43179,169.0,504.0,2.0,41153.0,269.0,1522.0,35.0,16772.0,196.0,339579.0,131902.0,2574471.0
372,2021-03-25,50.0,Nepal,276665,156.0,3024.0,4.0,272342.0,70.0,1299.0,,9372.0,102.0,2256300.0,76435.0,29519102.0
373,2021-03-25,21.0,Netherlands,1236209,7562.0,16421.0,24.0,,,,625.0,72029.0,957.0,9747836.0,567966.0,17162719.0
374,2021-03-25,204.0,New Caledonia,121,1.0,,,58.0,,63.0,,421.0,,27618.0,96060.0,287508.0
375,2021-03-25,177.0,New Zealand,2479,3.0,26.0,,2379.0,,74.0,,496.0,5.0,1875086.0,374860.0,5002100.0
376,2021-03-25,155.0,Nicaragua,6629,,177.0,,4225.0,,2227.0,,992.0,26.0,,,6682209.0
377,2021-03-25,160.0,Niger,4972,8.0,185.0,,4578.0,9.0,209.0,1.0,200.0,7.0,87905.0,3539.0,24840258.0
378,2021-03-25,73.0,Nigeria,162388,113.0,2039.0,3.0,149986.0,104.0,10363.0,10.0,774.0,10.0,1727467.0,8232.0,209854703.0
379,2021-03-25,81.0,North Macedonia,124910,1419.0,3607.0,33.0,103831.0,457.0,17472.0,124.0,59957.0,1731.0,607956.0,291822.0,2083311.0
380,2021-03-25,88.0,Norway,92007,1072.0,656.0,,74332.0,,17019.0,45.0,16875.0,120.0,4464591.0,818845.0,5452305.0
381,2021-03-25,77.0,Oman,153838,,1650.0,,140766.0,,11422.0,128.0,29578.0,317.0,1550000.0,298018.0,5201034.0
382,2021-03-25,31.0,Pakistan,645356,4368.0,14091.0,63.0,591145.0,2170.0,40120.0,2758.0,2881.0,63.0,9976791.0,44535.0,224019136.0
383,2021-03-25,58.0,Palestine,233549,1511.0,2537.0,16.0,206914.0,1625.0,24098.0,205.0,45020.0,489.0,1509574.0,290990.0,5187709.0
384,2021-03-25,44.0,Panama,353017,438.0,6087.0,14.0,341900.0,424.0,5030.0,105.0,80886.0,1395.0,2114048.0,484388.0,4364367.0
385,2021-03-25,161.0,Papua New Guinea,4660,560.0,39.0,,846.0,,3775.0,,514.0,4.0,63700.0,7023.0,9070604.0
386,2021-03-25,66.0,Paraguay,204704,2004.0,3958.0,48.0,167603.0,1601.0,33143.0,420.0,28444.0,550.0,881127.0,122436.0,7196618.0
387,2021-03-25,19.0,Peru,1500465,,50831.0,,1414106.0,,35528.0,2276.0,45049.0,1526.0,8950031.0,268709.0,33307537.0
388,2021-03-25,30.0,Philippines,702856,9838.0,13149.0,54.0,580689.0,663.0,109018.0,785.0,6352.0,119.0,9938136.0,89818.0,110647325.0
389,2021-03-25,14.0,Poland,2189966,35143.0,51305.0,443.0,1747223.0,24367.0,391438.0,2730.0,57911.0,1357.0,11610747.0,307032.0,37816127.0
390,2021-03-25,28.0,Portugal,819698,488.0,16819.0,5.0,771339.0,891.0,31540.0,155.0,80561.0,1653.0,8949804.0,879602.0,10174830.0
391,2021-03-25,72.0,Qatar,176521,602.0,282.0,1.0,162173.0,358.0,14066.0,244.0,62868.0,100.0,1701019.0,605818.0,2807805.0
392,2021-03-25,131.0,Réunion,15561,,102.0,,14064.0,,1395.0,57.0,17290.0,113.0,98785.0,109762.0,899996.0
393,2021-03-25,24.0,Romania,926310,6516.0,22835.0,116.0,830270.0,5062.0,73205.0,1364.0,48389.0,1193.0,7163451.0,374205.0,19143121.0
394,2021-03-25,4.0,Russia,4501859,9167.0,97017.0,405.0,4120161.0,10880.0,284681.0,2300.0,30839.0,665.0,118800000.0,813808.0,145980454.0
395,2021-03-25,121.0,Rwanda,21309,99.0,300.0,2.0,19657.0,117.0,1352.0,6.0,1616.0,23.0,1106907.0,83948.0,13185681.0
396,2021-03-25,85.0,S. Korea,100770,494.0,1716.0,7.0,92630.0,562.0,6424.0,111.0,1964.0,33.0,7529403.0,146767.0,51301609.0
397,2021-03-25,209.0,Saint Kitts and Nevis,44,,,,42.0,,2.0,,823.0,,10591.0,198055.0,53475.0
398,2021-03-25,165.0,Saint Lucia,4191,19.0,58.0,,4099.0,14.0,34.0,1.0,22747.0,315.0,35288.0,191530.0,184243.0
399,2021-03-25,185.0,Saint Martin,1619,,12.0,,1399.0,,208.0,7.0,41357.0,307.0,23812.0,608271.0,39147.0
400,2021-03-25,212.0,Saint Pierre Miquelon,24,,,,24.0,,0.0,,4157.0,,3729.0,645938.0,5773.0
401,2021-03-25,219.0,Samoa,3,,,,2.0,,1.0,,15.0,,,,199381.0
402,2021-03-25,162.0,San Marino,4547,63.0,84.0,2.0,3947.0,33.0,516.0,8.0,133802.0,2472.0,51503.0,1515552.0,33983.0
403,2021-03-25,180.0,Sao Tome and Principe,2196,19.0,34.0,,2041.0,15.0,121.0,,9886.0,153.0,11592.0,52186.0,222127.0
404,2021-03-25,42.0,Saudi Arabia,387292,510.0,6637.0,7.0,376203.0,372.0,4452.0,622.0,11000.0,188.0,14812806.0,420701.0,35209826.0
405,2021-03-25,109.0,Senegal,38354,99.0,1031.0,3.0,36107.0,296.0,1216.0,28.0,2248.0,60.0,432289.0,25333.0,17064529.0
406,2021-03-25,36.0,Serbia,577120,5225.0,5114.0,39.0,484455.0,4055.0,87551.0,241.0,66248.0,587.0,3348198.0,384344.0,8711461.0
407,2021-03-25,167.0,Seychelles,3996,114.0,20.0,2.0,3318.0,,658.0,,40448.0,202.0,5200.0,52635.0,98793.0
408,2021-03-25,168.0,Sierra Leone,3962,9.0,79.0,,2800.0,2.0,1083.0,,489.0,10.0,116448.0,14385.0,8095190.0
409,2021-03-25,101.0,Singapore,60265,12.0,30.0,,60103.0,17.0,132.0,,10242.0,5.0,8307697.0,1411899.0,5884058.0
410,2021-03-25,181.0,Sint Maarten,2118,,27.0,,2064.0,,27.0,1.0,48991.0,625.0,23608.0,546077.0,43232.0
411,2021-03-25,43.0,Slovakia,355454,1272.0,9373.0,60.0,255300.0,,90781.0,653.0,65083.0,1716.0,2310054.0,422964.0,5461586.0
412,2021-03-25,65.0,Slovenia,210785,1032.0,4008.0,10.0,195000.0,762.0,11777.0,109.0,101380.0,1928.0,1034094.0,497364.0,2079148.0
413,2021-03-25,215.0,Solomon Islands,18,,,,16.0,,2.0,,26.0,,4500.0,6437.0,699134.0
414,2021-03-25,140.0,Somalia,10664,,471.0,,4634.0,,5559.0,,658.0,29.0,,,16215158.0
415,2021-03-25,17.0,South Africa,1543079,1516.0,52602.0,67.0,1469565.0,2311.0,20912.0,546.0,25780.0,879.0,9752061.0,162927.0,59855524.0
416,2021-03-25,141.0,South Sudan,10048,,108.0,,9330.0,,610.0,1.0,890.0,10.0,128368.0,11370.0,11289734.0
417,2021-03-25,8.0,Spain,3255324,7586.0,75010.0,590.0,3016247.0,8624.0,164067.0,1830.0,69606.0,1604.0,41884958.0,895588.0,46768089.0
418,2021-03-25,89.0,Sri Lanka,91561,272.0,557.0,3.0,88145.0,264.0,2859.0,,4263.0,26.0,2352000.0,109502.0,21479141.0
419,2021-03-25,193.0,St. Barth,775,,1.0,,462.0,,312.0,,78291.0,101.0,21651.0,2187191.0,9899.0
420,2021-03-25,184.0,St. Vincent Grenadines,1721,6.0,10.0,,1577.0,42.0,134.0,2.0,15477.0,90.0,40616.0,365255.0,111199.0
421,2021-03-25,113.0,Sudan,29661,,2028.0,,23990.0,,3643.0,,665.0,45.0,231694.0,5196.0,44594229.0
422,2021-03-25,147.0,Suriname,9088,3.0,177.0,,8575.0,2.0,336.0,2.0,15391.0,300.0,44378.0,75156.0,590482.0
423,2021-03-25,29.0,Sweden,780018,,13402.0,37.0,,,,284.0,76884.0,1321.0,6627544.0,653253.0,10145443.0
424,2021-03-25,33.0,Switzerland,592217,2053.0,10298.0,14.0,542535.0,1327.0,39384.0,159.0,68063.0,1184.0,5851917.0,672556.0,8701013.0
425,2021-03-25,126.0,Syria,18201,155.0,1216.0,10.0,12142.0,120.0,4843.0,,1022.0,68.0,,,17809863.0
426,2021-03-25,189.0,Taiwan,1013,1.0,10.0,,973.0,2.0,30.0,,42.0,4.0,459223.0,19256.0,23848441.0
427,2021-03-25,132.0,Tajikistan,13308,,90.0,,13218.0,,0.0,,1373.0,9.0,,,9693589.0
428,2021-03-25,196.0,Tanzania,509,,21.0,,183.0,,305.0,7.0,8.0,3.0,,,60969196.0
429,2021-03-25,116.0,Thailand,28577,134.0,92.0,,27032.0,86.0,1453.0,1.0,409.0,1.0,8074112.0,115462.0,69928605.0
430,2021-03-25,198.0,Timor-Leste,452,58.0,,,154.0,17.0,298.0,,338.0,,38883.0,29088.0,1336755.0
431,2021-03-25,145.0,Togo,9676,170.0,107.0,,7567.0,101.0,2002.0,,1149.0,13.0,267873.0,31814.0,8419903.0
432,2021-03-25,149.0,Trinidad and Tobago,7939,15.0,141.0,,7581.0,5.0,217.0,12.0,5659.0,101.0,108872.0,77610.0,1402815.0
433,2021-03-25,56.0,Tunisia,248782,745.0,8684.0,21.0,214916.0,509.0,25182.0,284.0,20890.0,729.0,1083961.0,91019.0,11909140.0
434,2021-03-25,9.0,Turkey,3149094,29081.0,30772.0,153.0,2921037.0,20208.0,197285.0,1810.0,37047.0,362.0,37433913.0,440382.0,85003274.0
435,2021-03-25,178.0,Turks and Caicos,2318,3.0,17.0,,2187.0,4.0,114.0,3.0,59284.0,435.0,23663.0,605192.0,39100.0
436,2021-03-25,41.0,UAE,450765,2128.0,1472.0,6.0,434035.0,2262.0,15258.0,,45177.0,148.0,36484412.0,3656555.0,9977810.0
437,2021-03-25,107.0,Uganda,40751,17.0,335.0,1.0,40379.0,25232.0,37.0,,871.0,7.0,927238.0,19818.0,46787940.0
438,2021-03-25,6.0,UK,4325315,6187.0,126515.0,70.0,3768434.0,20392.0,430366.0,630.0,63470.0,1856.0,121517399.0,1783150.0,68147613.0
439,2021-03-25,16.0,Ukraine,1614707,18132.0,31461.0,326.0,1290158.0,7138.0,293088.0,177.0,37085.0,723.0,7889544.0,181201.0,43540188.0
440,2021-03-25,87.0,Uruguay,92343,1793.0,875.0,19.0,74339.0,1420.0,17129.0,248.0,26516.0,251.0,1295454.0,371982.0,3482568.0
441,2021-03-25,1.0,USA,30852900,76844.0,561139.0,1286.0,23274400.0,78191.0,7017361.0,8610.0,92811.0,1688.0,397121940.0,1194617.0,332426183.0
442,2021-03-25,95.0,Uzbekistan,81960,144.0,624.0,,80248.0,105.0,1088.0,23.0,2423.0,18.0,1377915.0,40738.0,33823620.0
443,2021-03-25,220.0,Vanuatu,3,,,,1.0,,2.0,,10.0,,470.0,1505.0,312367.0
444,2021-03-25,211.0,Vatican City,27,,,,15.0,,12.0,,33666.0,,,,802.0
445,2021-03-25,76.0,Venezuela,154165,,1532.0,,142909.0,,9724.0,162.0,5433.0,54.0,3102996.0,109350.0,28376650.0
446,2021-03-25,176.0,Vietnam,2586,7.0,35.0,,2265.0,,286.0,,26.0,4.0,2598753.0,26523.0,97980062.0
447,2021-03-25,199.0,Wallis and Futuna,358,6.0,4.0,1.0,44.0,26.0,310.0,3.0,32273.0,361.0,1331.0,119986.0,11093.0
448,2021-03-25,216.0,Western Sahara,10,,1.0,,8.0,,1.0,,16.0,2.0,,,608019.0
449,2021-03-25,169.0,Yemen,3900,84.0,820.0,10.0,1588.0,8.0,1492.0,23.0,129.0,27.0,20872.0,689.0,30304252.0
450,2021-03-25,94.0,Zambia,87583,265.0,1194.0,3.0,84018.0,123.0,2371.0,111.0,4669.0,64.0,1224620.0,65286.0,18757749.0
451,2021-03-25,111.0,Zimbabwe,36805,27.0,1518.0,,34572.0,17.0,715.0,13.0,2450.0,101.0,372334.0,24788.0,15021008.0
452,2021-03-26,,"

",721,,15.0,,706.0,,0.0,0.0,,,,,
453,2021-03-26,,"
Africa
",4199555,11304.0,111794.0,224.0,3773075.0,35074.0,314686.0,2712.0,,,,,
454,2021-03-26,,"
Asia
",27678815,156218.0,421914.0,1101.0,25552044.0,95332.0,1704857.0,24516.0,,,,,
455,2021-03-26,,"
Oceania
",55559,582.0,1121.0,1.0,34520.0,32.0,19918.0,5.0,,,,,
456,2021-03-26,,"
South America
",20605064,117926.0,534243.0,4075.0,18356783.0,74612.0,1714038.0,19991.0,,,,,
457,2021-03-26,102.0,Afghanistan,56290,36.0,2469.0,,49994.0,57.0,3827.0,1105.0,1423.0,62.0,339269.0,8575.0,39566530.0
458,2021-03-26,82.0,Albania,123216,449.0,2192.0,8.0,88349.0,589.0,32675.0,46.0,42850.0,762.0,540845.0,188088.0,2875486.0
459,2021-03-26,83.0,Algeria,116657,114.0,3074.0,3.0,81160.0,95.0,32423.0,17.0,2626.0,69.0,230658.0,5192.0,44428663.0
460,2021-03-26,136.0,Andorra,11732,45.0,114.0,,11149.0,38.0,469.0,12.0,151662.0,1474.0,193595.0,2502650.0,77356.0
461,2021-03-26,120.0,Angola,21961,47.0,532.0,,20250.0,60.0,1179.0,18.0,653.0,16.0,414168.0,12324.0,33607400.0
462,2021-03-26,213.0,Anguilla,22,,,,20.0,,2.0,,1457.0,,11052.0,731872.0,15101.0
463,2021-03-26,188.0,Antigua and Barbuda,1103,3.0,28.0,,748.0,5.0,327.0,45.0,11195.0,284.0,16315.0,165596.0,98523.0
464,2021-03-26,12.0,Argentina,2291051,12936.0,55235.0,143.0,2064479.0,8007.0,171337.0,3508.0,50353.0,1214.0,8605895.0,189143.0,45499515.0
465,2021-03-26,70.0,Armenia,188446,1005.0,3434.0,18.0,170160.0,433.0,14852.0,,63507.0,1157.0,828159.0,279094.0,2967311.0
466,2021-03-26,146.0,Aruba,9142,69.0,82.0,,8401.0,28.0,659.0,8.0,85360.0,766.0,122386.0,1142737.0,107099.0
467,2021-03-26,114.0,Australia,29238,10.0,909.0,,26263.0,6.0,2066.0,,1137.0,35.0,15365871.0,597514.0,25716344.0
468,2021-03-26,37.0,Austria,530288,3895.0,9200.0,22.0,486088.0,2628.0,35000.0,463.0,58634.0,1017.0,6568554.0,726281.0,9044089.0
469,2021-03-26,53.0,Azerbaijan,252680,1759.0,3445.0,24.0,234893.0,511.0,14342.0,,24758.0,338.0,2816784.0,275990.0,10206114.0
470,2021-03-26,148.0,Bahamas,8935,,188.0,,7757.0,,990.0,3.0,22563.0,475.0,73721.0,186166.0,395996.0
471,2021-03-26,79.0,Bahrain,139953,829.0,512.0,4.0,131594.0,479.0,7847.0,47.0,80231.0,294.0,3499615.0,2006230.0,1744374.0
472,2021-03-26,34.0,Bangladesh,588132,3737.0,8830.0,33.0,531651.0,2057.0,47651.0,,3545.0,53.0,4542030.0,27380.0,165890647.0
473,2021-03-26,172.0,Barbados,3603,10.0,41.0,1.0,3419.0,15.0,143.0,,12526.0,143.0,138967.0,483138.0,287634.0
474,2021-03-26,48.0,Belarus,316418,1425.0,2202.0,9.0,307004.0,1444.0,7212.0,,33494.0,233.0,5291538.0,560127.0,9447038.0
475,2021-03-26,25.0,Belgium,854608,5518.0,22816.0,30.0,56170.0,242.0,775622.0,636.0,73504.0,1962.0,10772328.0,926521.0,11626638.0
476,2021-03-26,135.0,Belize,12415,4.0,317.0,,12061.0,9.0,37.0,1.0,30815.0,787.0,96854.0,240396.0,402893.0
477,2021-03-26,152.0,Benin,7100,,90.0,,6452.0,,558.0,35.0,575.0,7.0,548484.0,44397.0,12353940.0
478,2021-03-26,190.0,Bermuda,914,34.0,12.0,,718.0,,184.0,,14716.0,193.0,191467.0,3082758.0,62109.0
479,2021-03-26,192.0,Bhutan,870,,1.0,,867.0,,2.0,,1119.0,1.0,586497.0,754021.0,777826.0
480,2021-03-26,51.0,Bolivia,267833,774.0,12131.0,24.0,216057.0,1069.0,39645.0,71.0,22718.0,1029.0,872730.0,74027.0,11789409.0
481,2021-03-26,74.0,Bosnia and Herzegovina,162032,1869.0,6220.0,76.0,128241.0,442.0,27571.0,,49615.0,1905.0,769406.0,235596.0,3265783.0
482,2021-03-26,108.0,Botswana,38466,,506.0,,33903.0,,4057.0,1.0,16120.0,212.0,910730.0,381661.0,2386229.0
483,2021-03-26,2.0,Brazil,12407323,82558.0,307326.0,3600.0,10824095.0,51546.0,1275902.0,8318.0,58069.0,1438.0,28600000.0,133853.0,213666996.0
484,2021-03-26,203.0,British Virgin Islands,153,,1.0,,131.0,,21.0,,5036.0,33.0,13223.0,435268.0,30379.0
485,2021-03-26,200.0,Brunei ,206,,3.0,,188.0,,15.0,,468.0,7.0,112060.0,254366.0,440546.0
486,2021-03-26,46.0,Bulgaria,325233,4129.0,12601.0,89.0,247451.0,2979.0,65181.0,751.0,47068.0,1824.0,2042578.0,295602.0,6909888.0
487,2021-03-26,134.0,Burkina Faso,12650,31.0,145.0,,12314.0,20.0,191.0,,593.0,7.0,,,21319531.0
488,2021-03-26,174.0,Burundi,2657,,6.0,,773.0,,1878.0,,219.0,5.0,90019.0,7410.0,12147673.0
489,2021-03-26,130.0,Cabo Verde,16911,124.0,165.0,1.0,16011.0,75.0,735.0,23.0,30176.0,294.0,126207.0,225206.0,560406.0
490,2021-03-26,183.0,Cambodia,1968,96.0,8.0,3.0,1074.0,18.0,886.0,,117.0,5.0,668542.0,39587.0,16888078.0
491,2021-03-26,103.0,Cameroon,47669,,721.0,,35261.0,,11687.0,53.0,1764.0,27.0,905000.0,33486.0,27026325.0
492,2021-03-26,23.0,Canada,956655,5093.0,22826.0,36.0,893469.0,3619.0,40360.0,661.0,25185.0,601.0,27110125.0,713714.0,37984555.0
493,2021-03-26,159.0,CAR,5088,,64.0,,4957.0,,67.0,2.0,1040.0,13.0,38422.0,7856.0,4891042.0
494,2021-03-26,187.0,Caribbean Netherlands,1264,17.0,10.0,,807.0,16.0,447.0,,47875.0,379.0,8908.0,337399.0,26402.0
495,2021-03-26,197.0,Cayman Islands,487,4.0,2.0,,462.0,,23.0,,7347.0,30.0,81247.0,1225685.0,66287.0
496,2021-03-26,163.0,Chad,4480,15.0,158.0,,4094.0,14.0,228.0,,267.0,9.0,,,16767947.0
497,2021-03-26,166.0,Channel Islands,4046,,86.0,,3960.0,,0.0,1.0,23115.0,491.0,399901.0,2284666.0,175037.0
498,2021-03-26,22.0,Chile,962321,7559.0,22587.0,63.0,897975.0,5002.0,41759.0,2466.0,50026.0,1174.0,10887507.0,565984.0,19236410.0
499,2021-03-26,90.0,China,90147,11.0,4636.0,,85348.0,13.0,163.0,,63.0,3.0,160000000.0,111163.0,1439323776.0
500,2021-03-26,11.0,Colombia,2367337,7395.0,62645.0,126.0,2255948.0,5885.0,48744.0,1982.0,46165.0,1222.0,12485669.0,243481.0,51279841.0
501,2021-03-26,170.0,Comoros,3689,2.0,146.0,,3494.0,2.0,49.0,,4177.0,165.0,,,883093.0
502,2021-03-26,144.0,Congo,9681,,135.0,,8208.0,,1338.0,,1724.0,24.0,92500.0,16468.0,5616857.0
503,2021-03-26,63.0,Costa Rica,215178,1740.0,2931.0,23.0,191707.0,757.0,20540.0,155.0,41960.0,572.0,775821.0,151286.0,5128187.0
504,2021-03-26,52.0,Croatia,264111,1802.0,5854.0,16.0,249205.0,1141.0,9052.0,115.0,64628.0,1432.0,1511440.0,369851.0,4086614.0
505,2021-03-26,97.0,Cuba,70634,832.0,413.0,5.0,66847.0,843.0,3374.0,67.0,6239.0,36.0,2883123.0,254658.0,11321533.0
506,2021-03-26,153.0,Curaçao,7057,409.0,28.0,1.0,5008.0,29.0,2021.0,38.0,42877.0,170.0,64449.0,391583.0,164586.0
507,2021-03-26,104.0,Cyprus,43971,361.0,248.0,,2057.0,,41666.0,53.0,36226.0,204.0,3064597.0,2524794.0,1213801.0
508,2021-03-26,18.0,Czechia,1503307,7853.0,25639.0,87.0,1299552.0,282.0,178116.0,1860.0,140187.0,2391.0,11690302.0,1090150.0,10723575.0
509,2021-03-26,60.0,Denmark,226633,789.0,2411.0,2.0,215596.0,674.0,8626.0,40.0,39026.0,415.0,23907341.0,4116862.0,5807176.0
510,2021-03-26,194.0,Diamond Princess,712,,13.0,,699.0,,0.0,,,,,,
511,2021-03-26,151.0,Djibouti,7169,153.0,66.0,2.0,6235.0,28.0,868.0,,7180.0,66.0,126414.0,126604.0,998498.0
512,2021-03-26,201.0,Dominica,161,1.0,,,153.0,2.0,8.0,,2232.0,,13201.0,183050.0,72117.0
513,2021-03-26,54.0,Dominican Republic,251332,364.0,3298.0,3.0,210396.0,354.0,37638.0,142.0,23000.0,302.0,1294575.0,118469.0,10927552.0
514,2021-03-26,117.0,DRC,27794,65.0,726.0,,25355.0,,1713.0,,304.0,8.0,,,91535918.0
515,2021-03-26,47.0,Ecuador,321451,2795.0,16632.0,50.0,271847.0,,32972.0,521.0,18020.0,932.0,1123272.0,62968.0,17838744.0
516,2021-03-26,67.0,Egypt,198681,670.0,11804.0,36.0,152198.0,433.0,34679.0,90.0,1915.0,114.0,2506788.0,24164.0,103741837.0
517,2021-03-26,99.0,El Salvador,63766,,1996.0,3.0,61009.0,,761.0,35.0,9795.0,307.0,827129.0,127051.0,6510216.0
518,2021-03-26,154.0,Equatorial Guinea,6851,,102.0,,6335.0,,414.0,10.0,4770.0,71.0,107960.0,75162.0,1436370.0
519,2021-03-26,173.0,Eritrea,3208,16.0,9.0,,2970.0,8.0,229.0,,896.0,3.0,23693.0,6614.0,3582295.0
520,2021-03-26,84.0,Estonia,101587,1151.0,847.0,11.0,72025.0,649.0,28715.0,69.0,76543.0,638.0,1116763.0,841449.0,1327191.0
521,2021-03-26,128.0,Eswatini,17312,6.0,666.0,,16313.0,63.0,333.0,6.0,14810.0,570.0,169857.0,145306.0,1168957.0
522,2021-03-26,68.0,Ethiopia,196621,2097.0,2769.0,28.0,152508.0,1336.0,41344.0,769.0,1680.0,24.0,2316739.0,19795.0,117034261.0
523,2021-03-26,195.0,Faeroe Islands,661,,1.0,,660.0,,0.0,,13490.0,20.0,239854.0,4895079.0,48999.0
524,2021-03-26,206.0,Falkland Islands,54,,,,54.0,,0.0,,15194.0,,7125.0,2004783.0,3554.0
525,2021-03-26,205.0,Fiji,67,,2.0,,64.0,,1.0,,74.0,2.0,34782.0,38595.0,901206.0
526,2021-03-26,96.0,Finland,74754,512.0,817.0,2.0,46000.0,,27937.0,59.0,13476.0,147.0,3871752.0,697985.0,5547044.0
527,2021-03-26,5.0,France,4465956,41869.0,94275.0,363.0,288062.0,1455.0,4083619.0,4766.0,68308.0,1442.0,61991132.0,948172.0,65379596.0
528,2021-03-26,129.0,French Guiana,16922,,89.0,,9995.0,,6838.0,6.0,55608.0,292.0,158139.0,519668.0,304308.0
529,2021-03-26,124.0,French Polynesia,18607,2.0,141.0,,4842.0,,13624.0,2.0,65959.0,500.0,26355.0,93425.0,282099.0
530,2021-03-26,125.0,Gabon,18426,,109.0,,15863.0,,2454.0,33.0,8139.0,48.0,613559.0,271013.0,2263944.0
531,2021-03-26,158.0,Gambia,5365,62.0,163.0,2.0,4990.0,64.0,212.0,3.0,2176.0,66.0,54292.0,22017.0,2465957.0
532,2021-03-26,49.0,Georgia,279446,419.0,3738.0,6.0,271585.0,307.0,4123.0,,70150.0,938.0,3251308.0,816187.0,3983534.0
533,2021-03-26,10.0,Germany,2754002,21872.0,76303.0,187.0,2467600.0,11400.0,210099.0,3209.0,32793.0,909.0,48979281.0,583221.0,83980634.0
534,2021-03-26,91.0,Ghana,90094,95.0,740.0,3.0,86749.0,128.0,2605.0,40.0,2856.0,23.0,981024.0,31099.0,31545457.0
535,2021-03-26,164.0,Gibraltar,4273,1.0,94.0,,4161.0,,18.0,1.0,126855.0,2791.0,209812.0,6228833.0,33684.0
536,2021-03-26,55.0,Greece,249458,1466.0,7754.0,53.0,211872.0,,29832.0,707.0,24020.0,747.0,6318789.0,608421.0,10385560.0
537,2021-03-26,210.0,Greenland,31,,,,31.0,,0.0,,545.0,,19792.0,348193.0,56842.0
538,2021-03-26,202.0,Grenada,155,1.0,1.0,,152.0,1.0,2.0,,1373.0,9.0,23989.0,212469.0,112906.0
539,2021-03-26,138.0,Guadeloupe,11298,,165.0,,2242.0,,8891.0,8.0,28233.0,412.0,149795.0,374325.0,400174.0
540,2021-03-26,69.0,Guatemala,192133,926.0,6775.0,10.0,174343.0,578.0,11015.0,5.0,10582.0,373.0,1034968.0,57000.0,18157269.0
541,2021-03-26,122.0,Guinea,19403,171.0,116.0,3.0,16270.0,80.0,3017.0,24.0,1449.0,9.0,173934.0,12988.0,13391527.0
542,2021-03-26,171.0,Guinea-Bissau,3615,8.0,61.0,,2921.0,10.0,633.0,16.0,1806.0,30.0,57818.0,28882.0,2001842.0
543,2021-03-26,142.0,Guyana,10007,109.0,225.0,2.0,8801.0,80.0,981.0,11.0,12678.0,285.0,86516.0,109606.0,789337.0
544,2021-03-26,133.0,Haiti,12736,,251.0,,10754.0,,1731.0,,1107.0,22.0,54379.0,4727.0,11504198.0
545,2021-03-26,71.0,Honduras,185484,663.0,4527.0,21.0,70427.0,492.0,110530.0,461.0,18512.0,452.0,502240.0,50126.0,10019634.0
546,2021-03-26,137.0,Hong Kong,11440,11.0,205.0,1.0,11023.0,29.0,212.0,10.0,1517.0,27.0,9296529.0,1232708.0,7541547.0
547,2021-03-26,32.0,Hungary,614612,11265.0,19499.0,275.0,392314.0,4744.0,202799.0,1480.0,63741.0,2022.0,4443610.0,460845.0,9642302.0
548,2021-03-26,157.0,Iceland,6163,5.0,29.0,,6039.0,,95.0,1.0,17975.0,85.0,531242.0,1549411.0,342867.0
549,2021-03-26,3.0,India,11908373,62291.0,161275.0,292.0,11292849.0,30346.0,454249.0,8944.0,8568.0,116.0,238604638.0,171666.0,1389938347.0
550,2021-03-26,20.0,Indonesia,1487541,4982.0,40166.0,85.0,1322878.0,5679.0,124497.0,,5397.0,146.0,12422800.0,45069.0,275640645.0
551,2021-03-26,15.0,Iran,1838803,7980.0,62223.0,81.0,1577408.0,7711.0,199172.0,3908.0,21689.0,734.0,12481917.0,147229.0,84779068.0
552,2021-03-26,27.0,Iraq,822095,6490.0,14157.0,29.0,736747.0,4495.0,71191.0,472.0,20110.0,346.0,7835444.0,191672.0,40879544.0
553,2021-03-26,59.0,Ireland,233327,569.0,4651.0,20.0,23364.0,,205312.0,67.0,46870.0,934.0,3915728.0,786583.0,4978147.0
554,2021-03-26,186.0,Isle of Man,1551,6.0,27.0,1.0,851.0,,673.0,12.0,18169.0,316.0,44761.0,524361.0,85363.0
555,2021-03-26,26.0,Israel,831383,538.0,6165.0,2.0,814505.0,1491.0,10713.0,479.0,90391.0,670.0,13379821.0,1454709.0,9197590.0
556,2021-03-26,7.0,Italy,3488619,23987.0,107256.0,457.0,2814652.0,19764.0,566711.0,3628.0,57762.0,1776.0,48463509.0,802423.0,60396434.0
557,2021-03-26,106.0,Ivory Coast,42468,394.0,229.0,,38246.0,449.0,3993.0,,1581.0,9.0,502125.0,18699.0,26853250.0
558,2021-03-26,110.0,Jamaica,37458,330.0,557.0,11.0,16848.0,109.0,20053.0,46.0,12609.0,188.0,271699.0,91461.0,2970652.0
559,2021-03-26,39.0,Japan,462840,1943.0,8967.0,29.0,438879.0,1177.0,14994.0,323.0,3668.0,71.0,9555049.0,75719.0,126191515.0
560,2021-03-26,35.0,Jordan,577734,6444.0,6374.0,97.0,468037.0,4144.0,103323.0,729.0,56215.0,620.0,5705121.0,555119.0,10277294.0
561,2021-03-26,57.0,Kazakhstan,237300,1100.0,2952.0,,214714.0,971.0,19634.0,221.0,12528.0,156.0,8428775.0,445002.0,18940998.0
562,2021-03-26,80.0,Kenya,128178,2008.0,2098.0,6.0,91513.0,245.0,34567.0,124.0,2346.0,38.0,1455061.0,26633.0,54633685.0
563,2021-03-26,61.0,Kuwait,225980,1548.0,1270.0,12.0,210024.0,1253.0,14686.0,242.0,52350.0,294.0,2015114.0,466817.0,4316712.0
564,2021-03-26,93.0,Kyrgyzstan,87858,100.0,1494.0,,84469.0,62.0,1895.0,16.0,13306.0,226.0,831791.0,125976.0,6602771.0
565,2021-03-26,207.0,Laos,49,,,,45.0,,4.0,,7.0,,129999.0,17680.0,7352700.0
566,2021-03-26,86.0,Latvia,100114,638.0,1867.0,3.0,90537.0,,7710.0,69.0,53514.0,998.0,1828388.0,977326.0,1870807.0
567,2021-03-26,40.0,Lebanon,455381,3100.0,6013.0,49.0,356820.0,3478.0,92548.0,978.0,66939.0,884.0,3487759.0,512684.0,6802939.0
568,2021-03-26,139.0,Lesotho,10686,,315.0,,4438.0,,5933.0,,4959.0,146.0,65807.0,30541.0,2154693.0
569,2021-03-26,182.0,Liberia,2042,,85.0,,1899.0,,58.0,2.0,397.0,17.0,79684.0,15490.0,5144173.0
570,2021-03-26,75.0,Libya,156116,884.0,2602.0,11.0,143697.0,1064.0,9817.0,,22496.0,375.0,842538.0,121410.0,6939591.0
571,2021-03-26,175.0,Liechtenstein,2645,3.0,56.0,,2553.0,4.0,36.0,,69226.0,1466.0,29848.0,781198.0,38208.0
572,2021-03-26,64.0,Lithuania,212676,816.0,3529.0,6.0,196504.0,437.0,12643.0,141.0,78938.0,1310.0,2304536.0,855361.0,2694227.0
573,2021-03-26,100.0,Luxembourg,60465,260.0,738.0,2.0,56318.0,274.0,3409.0,19.0,95459.0,1165.0,2353848.0,3716135.0,633413.0
574,2021-03-26,208.0,Macao,48,,,,48.0,,0.0,,73.0,,4369.0,6662.0,655805.0
575,2021-03-26,119.0,Madagascar,23230,190.0,378.0,9.0,21461.0,89.0,1391.0,23.0,824.0,13.0,138616.0,4914.0,28208425.0
576,2021-03-26,112.0,Malawi,33415,28.0,1112.0,4.0,29417.0,157.0,2886.0,27.0,1715.0,57.0,215854.0,11076.0,19489214.0
577,2021-03-26,45.0,Malaysia,339443,1275.0,1249.0,1.0,323925.0,1509.0,14269.0,161.0,10390.0,38.0,7372592.0,225674.0,32669226.0
578,2021-03-26,118.0,Maldives,23237,146.0,66.0,,20529.0,90.0,2642.0,103.0,42443.0,121.0,630904.0,1152357.0,547490.0
579,2021-03-26,143.0,Mali,9719,72.0,376.0,1.0,6751.0,33.0,2592.0,,470.0,18.0,159785.0,7729.0,20674141.0
580,2021-03-26,115.0,Malta,28715,103.0,382.0,4.0,26480.0,332.0,1853.0,,64906.0,863.0,797899.0,1803541.0,442407.0
581,2021-03-26,218.0,Marshall Islands,4,,,,4.0,,0.0,,67.0,,,,59483.0
582,2021-03-26,150.0,Martinique,7710,,49.0,,98.0,,7563.0,5.0,20557.0,131.0,118816.0,316800.0,375051.0
583,2021-03-26,127.0,Mauritania,17745,33.0,448.0,1.0,16976.0,14.0,321.0,14.0,3745.0,95.0,199421.0,42086.0,4738463.0
584,2021-03-26,191.0,Mauritius,871,18.0,10.0,,592.0,,269.0,,684.0,8.0,289552.0,227400.0,1273318.0
585,2021-03-26,123.0,Mayotte,19306,,154.0,,2964.0,,16188.0,16.0,69545.0,555.0,151773.0,546727.0,277603.0
586,2021-03-26,13.0,Mexico,2214542,5787.0,200211.0,584.0,1752125.0,3808.0,262206.0,4798.0,17045.0,1541.0,5983144.0,46051.0,129924289.0
587,2021-03-26,221.0,Micronesia,1,,,,1.0,,0.0,,9.0,,,,115906.0
588,2021-03-26,62.0,Moldova,223986,1866.0,4745.0,43.0,197623.0,2065.0,21618.0,352.0,55620.0,1178.0,829796.0,206055.0,4027065.0
589,2021-03-26,179.0,Monaco,2248,21.0,28.0,,2052.0,5.0,168.0,9.0,56989.0,710.0,51953.0,1317066.0,39446.0
590,2021-03-26,156.0,Mongolia,6332,437.0,5.0,,4150.0,106.0,2177.0,15.0,1909.0,2.0,2174336.0,655545.0,3316836.0
591,2021-03-26,92.0,Montenegro,89363,372.0,1234.0,4.0,80835.0,592.0,7294.0,69.0,142270.0,1965.0,330552.0,526253.0,628124.0
592,2021-03-26,214.0,Montserrat,20,,1.0,,19.0,,0.0,,4005.0,200.0,1093.0,218863.0,4994.0
593,2021-03-26,38.0,Morocco,493867,514.0,8793.0,5.0,481597.0,523.0,3477.0,267.0,13265.0,236.0,5917273.0,158936.0,37230602.0
594,2021-03-26,98.0,Mozambique,66879,117.0,758.0,5.0,55074.0,979.0,11047.0,,2097.0,24.0,472501.0,14816.0,31891180.0
595,2021-03-26,217.0,MS Zaandam,9,,2.0,,7.0,,0.0,,,,,,
596,2021-03-26,78.0,Myanmar,142340,25.0,3205.0,1.0,131781.0,7.0,7354.0,,2603.0,59.0,2530422.0,46279.0,54677220.0
597,2021-03-26,105.0,Namibia,43179,169.0,504.0,2.0,41153.0,269.0,1522.0,35.0,16772.0,196.0,339579.0,131902.0,2574471.0
598,2021-03-26,50.0,Nepal,276665,156.0,3024.0,4.0,272342.0,70.0,1299.0,,9372.0,102.0,2256300.0,76435.0,29519102.0
599,2021-03-26,21.0,Netherlands,1236209,7562.0,16421.0,24.0,,,,625.0,72029.0,957.0,9747836.0,567966.0,17162719.0
600,2021-03-26,204.0,New Caledonia,121,1.0,,,58.0,,63.0,,421.0,,27618.0,96060.0,287508.0
601,2021-03-26,177.0,New Zealand,2479,3.0,26.0,,2379.0,,74.0,,496.0,5.0,1875086.0,374860.0,5002100.0
602,2021-03-26,155.0,Nicaragua,6629,,177.0,,4225.0,,2227.0,,992.0,26.0,,,6682209.0
603,2021-03-26,160.0,Niger,4972,8.0,185.0,,4578.0,9.0,209.0,1.0,200.0,7.0,87905.0,3539.0,24840258.0
604,2021-03-26,73.0,Nigeria,162388,113.0,2039.0,3.0,149986.0,104.0,10363.0,10.0,774.0,10.0,1727467.0,8232.0,209854703.0
605,2021-03-26,81.0,North Macedonia,124910,1419.0,3607.0,33.0,103831.0,457.0,17472.0,124.0,59957.0,1731.0,607956.0,291822.0,2083311.0
606,2021-03-26,88.0,Norway,92007,1072.0,656.0,,74332.0,,17019.0,45.0,16875.0,120.0,4464591.0,818845.0,5452305.0
607,2021-03-26,77.0,Oman,153838,,1650.0,,140766.0,,11422.0,128.0,29578.0,317.0,1550000.0,298018.0,5201034.0
608,2021-03-26,31.0,Pakistan,645356,4368.0,14091.0,63.0,591145.0,2170.0,40120.0,2758.0,2881.0,63.0,9976791.0,44535.0,224019136.0
609,2021-03-26,58.0,Palestine,233549,1511.0,2537.0,16.0,206914.0,1625.0,24098.0,205.0,45020.0,489.0,1509574.0,290990.0,5187709.0
610,2021-03-26,44.0,Panama,353017,438.0,6087.0,14.0,341900.0,424.0,5030.0,105.0,80886.0,1395.0,2114048.0,484388.0,4364367.0
611,2021-03-26,161.0,Papua New Guinea,4660,560.0,39.0,,846.0,,3775.0,,514.0,4.0,63700.0,7023.0,9070604.0
612,2021-03-26,66.0,Paraguay,204704,2004.0,3958.0,48.0,167603.0,1601.0,33143.0,420.0,28444.0,550.0,881127.0,122436.0,7196618.0
613,2021-03-26,19.0,Peru,1500465,,50831.0,,1414106.0,,35528.0,2276.0,45049.0,1526.0,8950031.0,268709.0,33307537.0
614,2021-03-26,30.0,Philippines,702856,9838.0,13149.0,54.0,580689.0,663.0,109018.0,785.0,6352.0,119.0,9938136.0,89818.0,110647325.0
615,2021-03-26,14.0,Poland,2189966,35143.0,51305.0,443.0,1747223.0,24367.0,391438.0,2730.0,57911.0,1357.0,11610747.0,307032.0,37816127.0
616,2021-03-26,28.0,Portugal,819698,488.0,16819.0,5.0,771339.0,891.0,31540.0,155.0,80561.0,1653.0,8949804.0,879602.0,10174830.0
617,2021-03-26,72.0,Qatar,176521,602.0,282.0,1.0,162173.0,358.0,14066.0,244.0,62868.0,100.0,1701019.0,605818.0,2807805.0
618,2021-03-26,131.0,Réunion,15561,,102.0,,14064.0,,1395.0,57.0,17290.0,113.0,98785.0,109762.0,899996.0
619,2021-03-26,24.0,Romania,926310,6516.0,22835.0,116.0,830270.0,5062.0,73205.0,1364.0,48389.0,1193.0,7163451.0,374205.0,19143121.0
620,2021-03-26,4.0,Russia,4501859,9167.0,97017.0,405.0,4120161.0,10880.0,284681.0,2300.0,30839.0,665.0,118800000.0,813808.0,145980454.0
621,2021-03-26,121.0,Rwanda,21309,99.0,300.0,2.0,19657.0,117.0,1352.0,6.0,1616.0,23.0,1106907.0,83948.0,13185681.0
622,2021-03-26,85.0,S. Korea,100770,494.0,1716.0,7.0,92630.0,562.0,6424.0,111.0,1964.0,33.0,7529403.0,146767.0,51301609.0
623,2021-03-26,209.0,Saint Kitts and Nevis,44,,,,42.0,,2.0,,823.0,,10591.0,198055.0,53475.0
624,2021-03-26,165.0,Saint Lucia,4191,19.0,58.0,,4099.0,14.0,34.0,1.0,22747.0,315.0,35288.0,191530.0,184243.0
625,2021-03-26,185.0,Saint Martin,1619,,12.0,,1399.0,,208.0,7.0,41357.0,307.0,23812.0,608271.0,39147.0
626,2021-03-26,212.0,Saint Pierre Miquelon,24,,,,24.0,,0.0,,4157.0,,3729.0,645938.0,5773.0
627,2021-03-26,219.0,Samoa,3,,,,2.0,,1.0,,15.0,,,,199381.0
628,2021-03-26,162.0,San Marino,4547,63.0,84.0,2.0,3947.0,33.0,516.0,8.0,133802.0,2472.0,51503.0,1515552.0,33983.0
629,2021-03-26,180.0,Sao Tome and Principe,2196,19.0,34.0,,2041.0,15.0,121.0,,9886.0,153.0,11592.0,52186.0,222127.0
630,2021-03-26,42.0,Saudi Arabia,387292,510.0,6637.0,7.0,376203.0,372.0,4452.0,622.0,11000.0,188.0,14812806.0,420701.0,35209826.0
631,2021-03-26,109.0,Senegal,38354,99.0,1031.0,3.0,36107.0,296.0,1216.0,28.0,2248.0,60.0,432289.0,25333.0,17064529.0
632,2021-03-26,36.0,Serbia,577120,5225.0,5114.0,39.0,484455.0,4055.0,87551.0,241.0,66248.0,587.0,3348198.0,384344.0,8711461.0
633,2021-03-26,167.0,Seychelles,3996,114.0,20.0,2.0,3318.0,,658.0,,40448.0,202.0,5200.0,52635.0,98793.0
634,2021-03-26,168.0,Sierra Leone,3962,9.0,79.0,,2800.0,2.0,1083.0,,489.0,10.0,116448.0,14385.0,8095190.0
635,2021-03-26,101.0,Singapore,60265,12.0,30.0,,60103.0,17.0,132.0,,10242.0,5.0,8307697.0,1411899.0,5884058.0
636,2021-03-26,181.0,Sint Maarten,2118,,27.0,,2064.0,,27.0,1.0,48991.0,625.0,23608.0,546077.0,43232.0
637,2021-03-26,43.0,Slovakia,355454,1272.0,9373.0,60.0,255300.0,,90781.0,653.0,65083.0,1716.0,2310054.0,422964.0,5461586.0
638,2021-03-26,65.0,Slovenia,210785,1032.0,4008.0,10.0,195000.0,762.0,11777.0,109.0,101380.0,1928.0,1034094.0,497364.0,2079148.0
639,2021-03-26,215.0,Solomon Islands,18,,,,16.0,,2.0,,26.0,,4500.0,6437.0,699134.0
640,2021-03-26,140.0,Somalia,10664,,471.0,,4634.0,,5559.0,,658.0,29.0,,,16215158.0
641,2021-03-26,17.0,South Africa,1543079,1516.0,52602.0,67.0,1469565.0,2311.0,20912.0,546.0,25780.0,879.0,9752061.0,162927.0,59855524.0
642,2021-03-26,141.0,South Sudan,10048,,108.0,,9330.0,,610.0,1.0,890.0,10.0,128368.0,11370.0,11289734.0
643,2021-03-26,8.0,Spain,3255324,7586.0,75010.0,590.0,3016247.0,8624.0,164067.0,1830.0,69606.0,1604.0,41884958.0,895588.0,46768089.0
644,2021-03-26,89.0,Sri Lanka,91561,272.0,557.0,3.0,88145.0,264.0,2859.0,,4263.0,26.0,2352000.0,109502.0,21479141.0
645,2021-03-26,193.0,St. Barth,775,,1.0,,462.0,,312.0,,78291.0,101.0,21651.0,2187191.0,9899.0
646,2021-03-26,184.0,St. Vincent Grenadines,1721,6.0,10.0,,1577.0,42.0,134.0,2.0,15477.0,90.0,40616.0,365255.0,111199.0
647,2021-03-26,113.0,Sudan,29661,,2028.0,,23990.0,,3643.0,,665.0,45.0,231694.0,5196.0,44594229.0
648,2021-03-26,147.0,Suriname,9088,3.0,177.0,,8575.0,2.0,336.0,2.0,15391.0,300.0,44378.0,75156.0,590482.0
649,2021-03-26,29.0,Sweden,780018,,13402.0,37.0,,,,284.0,76884.0,1321.0,6627544.0,653253.0,10145443.0
650,2021-03-26,33.0,Switzerland,592217,2053.0,10298.0,14.0,542535.0,1327.0,39384.0,159.0,68063.0,1184.0,5851917.0,672556.0,8701013.0
651,2021-03-26,126.0,Syria,18201,155.0,1216.0,10.0,12142.0,120.0,4843.0,,1022.0,68.0,,,17809863.0
652,2021-03-26,189.0,Taiwan,1013,1.0,10.0,,973.0,2.0,30.0,,42.0,4.0,459223.0,19256.0,23848441.0
653,2021-03-26,132.0,Tajikistan,13308,,90.0,,13218.0,,0.0,,1373.0,9.0,,,9693589.0
654,2021-03-26,196.0,Tanzania,509,,21.0,,183.0,,305.0,7.0,8.0,3.0,,,60969196.0
655,2021-03-26,116.0,Thailand,28577,134.0,92.0,,27032.0,86.0,1453.0,1.0,409.0,1.0,8074112.0,115462.0,69928605.0
656,2021-03-26,198.0,Timor-Leste,452,58.0,,,154.0,17.0,298.0,,338.0,,38883.0,29088.0,1336755.0
657,2021-03-26,145.0,Togo,9676,170.0,107.0,,7567.0,101.0,2002.0,,1149.0,13.0,267873.0,31814.0,8419903.0
658,2021-03-26,149.0,Trinidad and Tobago,7939,15.0,141.0,,7581.0,5.0,217.0,12.0,5659.0,101.0,108872.0,77610.0,1402815.0
659,2021-03-26,56.0,Tunisia,248782,745.0,8684.0,21.0,214916.0,509.0,25182.0,284.0,20890.0,729.0,1083961.0,91019.0,11909140.0
660,2021-03-26,9.0,Turkey,3149094,29081.0,30772.0,153.0,2921037.0,20208.0,197285.0,1810.0,37047.0,362.0,37433913.0,440382.0,85003274.0
661,2021-03-26,178.0,Turks and Caicos,2318,3.0,17.0,,2187.0,4.0,114.0,3.0,59284.0,435.0,23663.0,605192.0,39100.0
662,2021-03-26,41.0,UAE,450765,2128.0,1472.0,6.0,434035.0,2262.0,15258.0,,45177.0,148.0,36484412.0,3656555.0,9977810.0
663,2021-03-26,107.0,Uganda,40751,17.0,335.0,1.0,40379.0,25232.0,37.0,,871.0,7.0,927238.0,19818.0,46787940.0
664,2021-03-26,6.0,UK,4325315,6187.0,126515.0,70.0,3768434.0,20392.0,430366.0,630.0,63470.0,1856.0,121517399.0,1783150.0,68147613.0
665,2021-03-26,16.0,Ukraine,1614707,18132.0,31461.0,326.0,1290158.0,7138.0,293088.0,177.0,37085.0,723.0,7889544.0,181201.0,43540188.0
666,2021-03-26,87.0,Uruguay,92343,1793.0,875.0,19.0,74339.0,1420.0,17129.0,248.0,26516.0,251.0,1295454.0,371982.0,3482568.0
667,2021-03-26,1.0,USA,30852900,76844.0,561139.0,1286.0,23274400.0,78191.0,7017361.0,8610.0,92811.0,1688.0,397121940.0,1194617.0,332426183.0
668,2021-03-26,95.0,Uzbekistan,81960,144.0,624.0,,80248.0,105.0,1088.0,23.0,2423.0,18.0,1377915.0,40738.0,33823620.0
669,2021-03-26,220.0,Vanuatu,3,,,,1.0,,2.0,,10.0,,470.0,1505.0,312367.0
670,2021-03-26,211.0,Vatican City,27,,,,15.0,,12.0,,33666.0,,,,802.0
671,2021-03-26,76.0,Venezuela,154165,,1532.0,,142909.0,,9724.0,162.0,5433.0,54.0,3102996.0,109350.0,28376650.0
672,2021-03-26,176.0,Vietnam,2586,7.0,35.0,,2265.0,,286.0,,26.0,4.0,2598753.0,26523.0,97980062.0
673,2021-03-26,199.0,Wallis and Futuna,358,6.0,4.0,1.0,44.0,26.0,310.0,3.0,32273.0,361.0,1331.0,119986.0,11093.0
674,2021-03-26,216.0,Western Sahara,10,,1.0,,8.0,,1.0,,16.0,2.0,,,608019.0
675,2021-03-26,169.0,Yemen,3900,84.0,820.0,10.0,1588.0,8.0,1492.0,23.0,129.0,27.0,20872.0,689.0,30304252.0
676,2021-03-26,94.0,Zambia,87583,265.0,1194.0,3.0,84018.0,123.0,2371.0,111.0,4669.0,64.0,1224620.0,65286.0,18757749.0
677,2021-03-26,111.0,Zimbabwe,36805,27.0,1518.0,,34572.0,17.0,715.0,13.0,2450.0,101.0,372334.0,24788.0,15021008.0
